store_id,product_id,stock_quantity,last_updated
3,76,35,6/1/2020
20,5,9,6/1/2020
1,50,31,6/2/2020
11,86,64,6/2/2020
3,52,41,6/2/2020
11,43,3,6/2/2020
1,44,43,6/3/2020
15,100,141,6/3/2020
3,68,155,6/3/2020
9,18,56,6/3/2020
14,44,91,6/3/2020
9,22,53,6/3/2020
19,43,55,6/3/2020
1,28,19,6/4/2020
1,59,120,6/4/2020
15,47,107,6/4/2020
16,38,100,6/5/2020
10,99,7,6/5/2020
16,18,140,6/6/2020
19,12,102,6/6/2020
6,41,157,6/6/2020
8,10,16,6/6/2020
17,34,10,6/7/2020
4,57,117,6/7/2020
15,92,84,6/7/2020
7,16,1,6/8/2020
20,74,77,6/8/2020
18,63,156,6/8/2020
5,31,170,6/9/2020
5,98,5,6/9/2020
8,93,33,6/9/2020
13,71,82,6/9/2020
6,49,24,6/10/2020
8,94,111,6/10/2020
7,54,131,6/11/2020
11,90,144,6/11/2020
15,51,143,6/12/2020
7,49,125,6/13/2020
17,48,49,6/13/2020
10,26,75,6/13/2020
1,57,93,6/13/2020
5,13,165,6/13/2020
7,57,74,6/14/2020
10,33,73,6/16/2020
18,65,161,6/17/2020
20,67,105,6/17/2020
2,16,109,6/17/2020
13,1,69,6/18/2020
9,83,122,6/18/2020
18,51,165,6/18/2020
7,96,58,6/18/2020
6,50,62,6/19/2020
20,59,112,6/20/2020
16,71,49,6/21/2020
13,50,111,6/21/2020
19,1,18,6/22/2020
14,50,74,6/22/2020
1,96,17,6/22/2020
20,61,57,6/23/2020
15,19,15,6/23/2020
4,16,42,6/24/2020
9,10,77,6/25/2020
12,33,143,6/25/2020
18,76,116,6/25/2020
14,16,43,6/25/2020
7,52,79,6/26/2020
7,95,46,6/26/2020
7,49,128,6/27/2020
1,91,147,6/27/2020
16,6,81,6/27/2020
1,47,86,6/28/2020
16,60,78,6/28/2020
17,44,66,6/28/2020
13,19,2,6/28/2020
20,61,6,6/29/2020
1,70,100,6/29/2020
15,19,22,6/30/2020
2,100,77,6/30/2020
4,84,164,7/1/2020
11,51,135,7/1/2020
4,23,1,7/1/2020
5,91,19,7/2/2020
20,90,19,7/2/2020
2,87,96,7/3/2020
4,81,120,7/3/2020
3,40,154,7/3/2020
12,73,140,7/5/2020
5,41,10,7/6/2020
14,87,79,7/6/2020
5,92,160,7/6/2020
1,15,55,7/6/2020
5,80,135,7/6/2020
15,32,55,7/6/2020
12,8,137,7/7/2020
10,33,2,7/7/2020
18,32,13,7/8/2020
16,70,41,7/8/2020
3,75,25,7/9/2020
14,75,158,7/9/2020
12,80,61,7/10/2020
15,53,109,7/10/2020
10,27,84,7/11/2020
10,92,166,7/12/2020
3,95,113,7/12/2020
9,6,158,7/12/2020
10,44,2,7/12/2020
2,3,9,7/13/2020
18,14,137,7/13/2020
5,85,80,7/13/2020
17,79,2,7/15/2020
16,47,5,7/15/2020
15,21,12,7/16/2020
10,92,35,7/16/2020
16,66,86,7/16/2020
10,88,76,7/16/2020
20,37,154,7/17/2020
19,22,87,7/17/2020
7,63,48,7/18/2020
10,78,90,7/18/2020
4,13,93,7/19/2020
9,17,87,7/19/2020
11,10,74,7/19/2020
16,36,68,7/19/2020
7,51,37,7/19/2020
12,75,129,7/19/2020
9,33,56,7/19/2020
20,81,20,7/20/2020
14,27,79,7/20/2020
6,13,58,7/21/2020
4,63,77,7/21/2020
17,4,85,7/21/2020
5,97,26,7/22/2020
20,98,159,7/22/2020
20,85,120,7/23/2020
7,96,134,7/23/2020
5,4,67,7/23/2020
19,78,159,7/24/2020
13,35,132,7/24/2020
18,45,87,7/24/2020
8,27,149,7/24/2020
1,42,35,7/24/2020
10,90,33,7/25/2020
18,76,76,7/25/2020
3,20,128,7/25/2020
11,85,111,7/25/2020
17,71,170,7/26/2020
10,90,65,7/26/2020
4,76,73,7/26/2020
19,45,10,7/26/2020
15,50,57,7/27/2020
5,15,8,7/28/2020
14,82,85,7/29/2020
20,5,96,7/29/2020
13,100,116,7/29/2020
20,53,128,7/30/2020
5,7,64,7/30/2020
18,6,122,7/31/2020
15,21,28,7/31/2020
8,61,42,7/31/2020
17,8,54,7/31/2020
8,70,7,7/31/2020
6,26,14,7/31/2020
20,55,69,7/31/2020
20,23,31,8/1/2020
11,36,121,8/1/2020
4,94,24,8/1/2020
8,96,28,8/2/2020
9,18,2,8/2/2020
14,68,113,8/2/2020
14,18,68,8/2/2020
10,56,170,8/2/2020
9,67,84,8/2/2020
9,74,25,8/2/2020
9,87,60,8/3/2020
4,9,119,8/3/2020
5,73,26,8/3/2020
11,64,30,8/4/2020
12,65,135,8/4/2020
9,67,104,8/4/2020
6,67,25,8/5/2020
18,20,138,8/5/2020
18,22,105,8/6/2020
14,40,47,8/6/2020
1,36,153,8/6/2020
15,68,56,8/6/2020
10,81,97,8/6/2020
18,6,93,8/6/2020
13,25,91,8/6/2020
8,35,148,8/7/2020
13,97,82,8/7/2020
18,54,84,8/7/2020
6,57,8,8/8/2020
16,38,50,8/8/2020
19,5,142,8/9/2020
17,10,102,8/9/2020
13,85,10,8/10/2020
11,13,164,8/10/2020
20,4,112,8/10/2020
17,46,69,8/10/2020
3,17,56,8/11/2020
11,80,115,8/11/2020
6,26,87,8/11/2020
9,57,37,8/12/2020
15,74,37,8/12/2020
6,86,141,8/13/2020
1,4,55,8/13/2020
7,57,82,8/13/2020
13,95,91,8/13/2020
18,87,105,8/15/2020
7,29,99,8/15/2020
2,93,92,8/16/2020
6,55,15,8/16/2020
2,4,82,8/17/2020
2,60,52,8/17/2020
1,88,12,8/18/2020
8,63,39,8/18/2020
19,8,92,8/18/2020
13,50,126,8/18/2020
8,62,27,8/18/2020
15,54,45,8/18/2020
12,75,85,8/18/2020
9,3,12,8/19/2020
11,37,28,8/19/2020
4,16,22,8/19/2020
16,96,39,8/20/2020
7,95,49,8/21/2020
4,52,111,8/21/2020
13,77,100,8/22/2020
15,81,52,8/22/2020
17,61,19,8/23/2020
11,61,154,8/23/2020
14,12,62,8/23/2020
12,9,30,8/24/2020
7,20,62,8/25/2020
13,91,96,8/25/2020
16,79,108,8/25/2020
2,16,121,8/25/2020
6,39,32,8/26/2020
12,78,6,8/26/2020
3,58,24,8/27/2020
11,74,77,8/28/2020
9,86,26,8/29/2020
7,60,166,8/29/2020
1,68,18,8/29/2020
17,37,8,8/29/2020
18,83,86,8/29/2020
14,3,145,8/29/2020
14,32,74,8/30/2020
13,3,0,8/30/2020
19,24,64,8/30/2020
8,97,64,8/30/2020
17,84,140,8/30/2020
11,40,124,8/31/2020
9,74,60,8/31/2020
1,72,1,9/1/2020
9,94,133,9/1/2020
15,68,23,9/1/2020
6,12,95,9/2/2020
3,32,2,9/3/2020
9,90,152,9/3/2020
16,8,132,9/3/2020
4,11,14,9/3/2020
2,58,55,9/4/2020
19,31,4,9/4/2020
12,94,34,9/4/2020
3,42,127,9/5/2020
7,57,136,9/5/2020
12,17,42,9/5/2020
4,47,127,9/6/2020
12,5,152,9/6/2020
9,23,123,9/6/2020
3,63,77,9/7/2020
14,20,92,9/7/2020
11,30,115,9/8/2020
3,55,66,9/8/2020
11,55,100,9/8/2020
10,93,96,9/8/2020
18,90,71,9/8/2020
3,40,62,9/9/2020
8,92,79,9/9/2020
20,67,42,9/9/2020
16,17,94,9/9/2020
9,41,25,9/9/2020
20,78,167,9/10/2020
2,41,36,9/10/2020
8,67,89,9/11/2020
20,53,101,9/11/2020
12,3,34,9/11/2020
14,65,28,9/11/2020
3,79,117,9/12/2020
10,70,10,9/12/2020
14,95,15,9/12/2020
16,85,102,9/13/2020
13,98,107,9/14/2020
4,69,161,9/14/2020
8,97,73,9/14/2020
4,68,95,9/15/2020
18,85,31,9/15/2020
19,38,102,9/15/2020
13,72,116,9/15/2020
18,1,10,9/16/2020
13,22,32,9/16/2020
1,54,164,9/16/2020
5,15,0,9/16/2020
15,39,61,9/16/2020
1,76,114,9/17/2020
5,19,42,9/17/2020
6,81,93,9/18/2020
7,5,115,9/18/2020
16,88,93,9/18/2020
11,76,166,9/18/2020
18,4,50,9/18/2020
4,72,11,9/18/2020
9,67,73,9/18/2020
14,38,11,9/19/2020
19,91,27,9/19/2020
14,46,93,9/19/2020
19,83,141,9/19/2020
8,37,139,9/19/2020
8,18,90,9/19/2020
20,60,118,9/20/2020
16,16,105,9/20/2020
2,53,151,9/21/2020
20,8,68,9/21/2020
5,27,55,9/21/2020
3,42,59,9/21/2020
15,69,64,9/21/2020
12,18,88,9/21/2020
1,1,57,9/22/2020
10,71,136,9/22/2020
1,79,110,9/22/2020
2,27,130,9/22/2020
9,12,70,9/22/2020
19,41,38,9/24/2020
5,92,151,9/25/2020
15,12,162,9/25/2020
3,41,128,9/25/2020
4,63,56,9/25/2020
10,22,85,9/26/2020
15,79,122,9/26/2020
19,58,163,9/26/2020
5,1,27,9/27/2020
12,32,42,9/27/2020
6,39,120,9/27/2020
14,42,29,9/28/2020
4,93,18,9/28/2020
1,33,161,9/28/2020
2,29,39,9/29/2020
10,43,142,9/30/2020
12,54,99,9/30/2020
5,47,14,10/1/2020
20,86,115,10/1/2020
13,70,67,10/1/2020
1,77,89,10/1/2020
5,43,154,10/2/2020
13,79,113,10/2/2020
9,99,20,10/2/2020
6,31,95,10/2/2020
17,42,56,10/2/2020
6,6,95,10/2/2020
17,4,86,10/3/2020
8,28,130,10/3/2020
3,91,63,10/3/2020
18,52,122,10/4/2020
14,29,110,10/4/2020
19,4,90,10/4/2020
19,92,2,10/4/2020
15,72,131,10/5/2020
4,69,111,10/5/2020
6,11,56,10/6/2020
13,39,2,10/6/2020
19,65,3,10/7/2020
15,68,137,10/7/2020
1,46,116,10/7/2020
5,25,96,10/7/2020
16,12,124,10/7/2020
16,28,53,10/7/2020
7,99,16,10/7/2020
12,64,99,10/8/2020
15,93,50,10/8/2020
14,23,94,10/9/2020
14,9,144,10/10/2020
9,22,130,10/11/2020
11,86,35,10/12/2020
8,26,58,10/12/2020
9,75,146,10/12/2020
10,47,134,10/12/2020
3,14,69,10/13/2020
8,7,88,10/13/2020
19,19,72,10/13/2020
5,2,23,10/14/2020
2,86,1,10/14/2020
10,81,94,10/14/2020
14,13,20,10/14/2020
16,4,124,10/15/2020
7,64,28,10/15/2020
7,24,6,10/15/2020
11,79,146,10/15/2020
12,48,96,10/16/2020
18,86,141,10/17/2020
4,53,49,10/17/2020
8,13,91,10/17/2020
3,37,7,10/17/2020
5,47,109,10/18/2020
1,65,63,10/18/2020
4,46,106,10/18/2020
7,14,24,10/19/2020
7,60,118,10/19/2020
9,20,79,10/19/2020
14,81,41,10/20/2020
12,21,2,10/20/2020
1,77,93,10/20/2020
1,40,33,10/21/2020
16,97,69,10/22/2020
17,41,12,10/22/2020
9,51,130,10/22/2020
14,14,142,10/22/2020
5,29,43,10/22/2020
9,67,112,10/22/2020
1,26,147,10/23/2020
2,20,171,10/23/2020
9,92,72,10/23/2020
5,77,122,10/23/2020
4,60,117,10/24/2020
13,32,128,10/24/2020
3,33,61,10/24/2020
10,78,62,10/25/2020
19,34,58,10/26/2020
8,68,103,10/26/2020
6,8,127,10/26/2020
14,24,31,10/27/2020
12,46,143,10/27/2020
20,60,19,10/28/2020
11,55,142,10/28/2020
4,9,3,10/29/2020
11,30,88,10/30/2020
7,36,17,10/30/2020
3,49,1,10/30/2020
17,22,32,10/30/2020
16,34,13,10/30/2020
16,38,40,10/30/2020
18,77,30,10/31/2020
17,74,171,10/31/2020
8,52,109,10/31/2020
14,49,47,10/31/2020
2,50,60,10/31/2020
14,33,150,11/2/2020
9,81,125,11/3/2020
14,25,136,11/3/2020
1,72,58,11/3/2020
11,32,81,11/3/2020
11,49,133,11/4/2020
15,68,117,11/4/2020
18,24,75,11/4/2020
17,17,28,11/5/2020
8,67,126,11/5/2020
9,78,122,11/5/2020
2,48,1,11/5/2020
16,58,77,11/5/2020
16,74,41,11/6/2020
2,67,123,11/6/2020
14,51,21,11/6/2020
18,77,118,11/7/2020
20,7,56,11/7/2020
11,30,121,11/7/2020
6,8,66,11/7/2020
7,17,107,11/8/2020
2,9,0,11/8/2020
6,16,24,11/8/2020
10,94,10,11/8/2020
6,69,18,11/9/2020
6,95,113,11/9/2020
19,33,43,11/9/2020
11,9,164,11/10/2020
9,12,47,11/10/2020
11,59,12,11/11/2020
11,30,103,11/11/2020
11,78,147,11/11/2020
13,53,18,11/12/2020
19,14,90,11/13/2020
20,18,79,11/13/2020
3,24,117,11/13/2020
9,66,104,11/13/2020
19,82,98,11/14/2020
11,9,26,11/14/2020
1,62,46,11/14/2020
11,9,160,11/15/2020
1,18,118,11/15/2020
4,52,101,11/15/2020
17,39,17,11/16/2020
12,56,112,11/16/2020
4,91,5,11/17/2020
17,94,33,11/17/2020
5,18,141,11/17/2020
11,62,66,11/17/2020
7,60,44,11/18/2020
15,65,140,11/18/2020
4,91,73,11/19/2020
2,72,126,11/19/2020
8,52,128,11/20/2020
6,38,20,11/20/2020
9,34,107,11/20/2020
14,35,137,11/21/2020
10,76,116,11/21/2020
2,89,72,11/21/2020
13,70,41,11/21/2020
11,49,149,11/22/2020
15,90,109,11/25/2020
8,25,87,11/25/2020
13,29,115,11/27/2020
16,32,9,11/27/2020
5,2,86,11/27/2020
8,87,45,11/27/2020
19,83,53,11/28/2020
15,65,20,11/28/2020
17,3,120,11/28/2020
18,17,63,11/29/2020
2,1,155,11/29/2020
7,83,110,11/29/2020
3,85,145,11/29/2020
13,16,22,11/30/2020
19,62,111,11/30/2020
8,36,49,11/30/2020
14,36,147,11/30/2020
4,26,62,11/30/2020
10,90,146,11/30/2020
17,97,43,12/1/2020
8,53,112,12/1/2020
9,19,59,12/1/2020
14,77,77,12/1/2020
9,26,21,12/2/2020
9,72,155,12/2/2020
18,68,97,12/2/2020
5,77,147,12/3/2020
15,91,148,12/3/2020
20,31,80,12/3/2020
6,28,35,12/3/2020
16,91,96,12/3/2020
5,59,2,12/3/2020
11,97,114,12/4/2020
8,7,34,12/4/2020
8,55,18,12/4/2020
15,23,45,12/4/2020
16,34,24,12/4/2020
15,54,173,12/6/2020
19,99,55,12/6/2020
13,21,79,12/6/2020
1,35,47,12/7/2020
3,14,37,12/7/2020
11,2,61,12/7/2020
7,63,59,12/9/2020
7,64,171,12/9/2020
4,18,67,12/9/2020
14,61,174,12/9/2020
16,74,148,12/10/2020
5,71,30,12/10/2020
8,86,83,12/10/2020
8,61,141,12/11/2020
1,83,55,12/11/2020
6,87,143,12/11/2020
16,64,17,12/11/2020
10,23,85,12/11/2020
15,4,157,12/12/2020
2,98,152,12/13/2020
3,34,61,12/13/2020
11,1,69,12/14/2020
1,83,52,12/14/2020
9,35,63,12/15/2020
2,94,71,12/15/2020
4,1,107,12/16/2020
6,94,31,12/16/2020
8,80,0,12/17/2020
3,62,6,12/18/2020
11,63,38,12/18/2020
15,9,52,12/18/2020
5,33,93,12/18/2020
20,63,135,12/18/2020
18,51,134,12/19/2020
3,13,2,12/19/2020
16,62,121,12/20/2020
19,59,73,12/21/2020
10,66,126,12/21/2020
2,92,86,12/22/2020
11,80,42,12/22/2020
9,99,13,12/23/2020
16,73,77,12/23/2020
18,44,57,12/24/2020
17,9,91,12/25/2020
20,48,39,12/25/2020
8,86,80,12/25/2020
4,49,15,12/26/2020
3,25,102,12/27/2020
8,15,139,12/27/2020
8,82,45,12/27/2020
10,55,47,12/28/2020
13,62,122,12/28/2020
9,3,86,12/28/2020
3,3,168,12/29/2020
16,70,88,12/29/2020
3,34,139,12/29/2020
3,6,34,12/29/2020
2,22,126,12/29/2020
19,72,71,12/30/2020
1,6,43,12/30/2020
16,6,16,12/30/2020
3,26,101,12/30/2020
16,73,23,12/31/2020
14,67,61,1/1/2021
8,56,53,1/1/2021
10,26,118,1/2/2021
6,36,39,1/2/2021
4,42,51,1/2/2021
14,32,35,1/2/2021
10,18,138,1/3/2021
15,42,126,1/3/2021
9,49,15,1/3/2021
7,41,99,1/4/2021
5,75,62,1/4/2021
8,72,95,1/4/2021
9,78,120,1/5/2021
16,48,58,1/6/2021
5,53,135,1/6/2021
6,88,101,1/6/2021
20,81,134,1/7/2021
7,100,126,1/7/2021
7,59,10,1/8/2021
17,81,131,1/9/2021
8,26,80,1/9/2021
12,56,122,1/10/2021
10,78,99,1/10/2021
16,89,87,1/11/2021
19,28,76,1/12/2021
11,73,55,1/12/2021
5,40,106,1/12/2021
18,86,108,1/12/2021
10,75,36,1/13/2021
17,84,70,1/14/2021
13,39,67,1/14/2021
15,87,52,1/15/2021
2,53,87,1/15/2021
8,75,33,1/15/2021
15,100,93,1/16/2021
15,13,26,1/17/2021
2,20,93,1/17/2021
8,74,155,1/17/2021
9,24,145,1/17/2021
6,66,131,1/17/2021
18,42,96,1/18/2021
7,12,143,1/18/2021
18,39,115,1/18/2021
11,32,69,1/19/2021
2,99,160,1/19/2021
10,29,148,1/19/2021
4,92,118,1/19/2021
5,12,86,1/19/2021
16,57,141,1/19/2021
13,99,46,1/19/2021
6,53,95,1/21/2021
10,39,63,1/21/2021
14,35,11,1/21/2021
15,79,64,1/22/2021
3,28,75,1/22/2021
20,26,52,1/23/2021
7,16,6,1/23/2021
13,13,45,1/23/2021
10,48,10,1/24/2021
9,14,45,1/24/2021
17,59,48,1/24/2021
18,84,81,1/25/2021
6,63,48,1/25/2021
16,80,139,1/25/2021
20,96,158,1/25/2021
12,20,8,1/25/2021
4,88,51,1/26/2021
3,14,44,1/27/2021
18,80,74,1/27/2021
9,9,19,1/27/2021
5,91,9,1/27/2021
9,34,103,1/28/2021
3,25,106,1/28/2021
13,71,141,1/28/2021
8,33,51,1/28/2021
17,29,35,1/29/2021
9,34,113,1/29/2021
7,14,120,1/29/2021
16,92,119,1/30/2021
14,75,97,1/30/2021
4,74,64,1/30/2021
5,48,94,1/31/2021
20,73,128,1/31/2021
4,95,159,1/31/2021
18,93,162,1/31/2021
4,96,71,2/1/2021
17,88,47,2/1/2021
17,94,5,2/1/2021
1,47,176,2/1/2021
8,84,28,2/1/2021
10,95,6,2/2/2021
1,20,88,2/2/2021
15,17,13,2/3/2021
2,75,39,2/3/2021
16,62,72,2/4/2021
3,14,12,2/4/2021
6,34,83,2/5/2021
19,51,91,2/5/2021
3,77,126,2/5/2021
3,17,52,2/5/2021
3,13,44,2/6/2021
2,77,61,2/6/2021
17,26,37,2/6/2021
16,90,14,2/7/2021
4,61,104,2/7/2021
16,93,32,2/8/2021
18,34,13,2/9/2021
5,45,48,2/9/2021
8,41,176,2/10/2021
17,25,13,2/10/2021
4,72,135,2/10/2021
13,80,28,2/10/2021
20,1,63,2/10/2021
3,41,123,2/10/2021
19,75,130,2/10/2021
15,43,17,2/11/2021
17,54,97,2/11/2021
18,58,52,2/12/2021
3,14,86,2/12/2021
7,36,35,2/12/2021
15,77,41,2/12/2021
5,65,16,2/12/2021
7,65,76,2/13/2021
16,42,21,2/13/2021
15,97,59,2/13/2021
7,63,84,2/13/2021
15,47,69,2/14/2021
14,94,48,2/14/2021
16,45,50,2/15/2021
14,4,55,2/16/2021
14,40,94,2/16/2021
9,14,98,2/16/2021
19,95,72,2/16/2021
15,10,65,2/16/2021
11,31,56,2/17/2021
3,45,148,2/17/2021
20,89,107,2/17/2021
4,64,91,2/18/2021
12,12,23,2/18/2021
9,7,35,2/19/2021
19,42,83,2/19/2021
12,59,59,2/19/2021
16,85,17,2/20/2021
19,64,149,2/20/2021
3,90,84,2/20/2021
8,93,96,2/21/2021
7,16,45,2/21/2021
3,65,128,2/22/2021
9,5,130,2/22/2021
12,89,70,2/22/2021
4,46,113,2/23/2021
15,16,57,2/23/2021
20,68,70,2/24/2021
20,60,91,2/25/2021
8,47,4,2/25/2021
2,67,160,2/26/2021
6,50,117,2/26/2021
14,87,142,2/26/2021
15,20,87,2/26/2021
20,81,40,2/27/2021
10,68,74,2/28/2021
8,36,19,2/28/2021
6,13,33,2/28/2021
20,73,139,2/28/2021
17,16,135,3/1/2021
12,20,76,3/2/2021
12,63,89,3/2/2021
20,60,3,3/2/2021
9,58,1,3/3/2021
20,43,94,3/4/2021
10,64,124,3/4/2021
5,72,21,3/6/2021
6,79,40,3/6/2021
12,5,140,3/6/2021
12,86,85,3/6/2021
11,32,148,3/6/2021
20,90,90,3/6/2021
19,32,99,3/6/2021
4,99,176,3/7/2021
3,14,91,3/7/2021
7,40,33,3/8/2021
4,83,158,3/9/2021
7,35,47,3/9/2021
13,72,115,3/9/2021
16,30,167,3/10/2021
19,91,154,3/10/2021
12,73,88,3/11/2021
10,15,35,3/11/2021
7,47,152,3/11/2021
5,25,130,3/11/2021
4,52,63,3/13/2021
13,32,20,3/13/2021
1,57,65,3/13/2021
12,61,35,3/14/2021
13,47,21,3/15/2021
4,18,27,3/16/2021
3,36,80,3/16/2021
6,94,73,3/16/2021
16,10,68,3/17/2021
13,82,14,3/17/2021
5,16,51,3/17/2021
20,2,158,3/17/2021
7,18,71,3/17/2021
16,36,8,3/18/2021
9,5,100,3/18/2021
20,8,28,3/18/2021
8,41,70,3/18/2021
1,44,114,3/19/2021
5,5,131,3/19/2021
11,91,9,3/19/2021
14,30,14,3/20/2021
20,25,146,3/20/2021
2,94,39,3/20/2021
17,98,36,3/20/2021
20,69,113,3/20/2021
10,70,71,3/21/2021
19,81,78,3/21/2021
16,49,49,3/22/2021
15,96,160,3/22/2021
6,66,146,3/22/2021
9,49,92,3/23/2021
16,25,17,3/23/2021
3,31,50,3/24/2021
11,50,38,3/24/2021
12,69,23,3/24/2021
18,18,62,3/25/2021
18,9,145,3/25/2021
14,100,106,3/25/2021
15,65,97,3/25/2021
11,79,79,3/26/2021
5,15,125,3/26/2021
17,97,57,3/26/2021
17,77,123,3/27/2021
4,91,48,3/27/2021
5,40,103,3/27/2021
4,6,57,3/27/2021
20,89,83,3/27/2021
5,85,134,3/28/2021
8,9,141,3/28/2021
7,72,26,3/29/2021
5,15,31,3/29/2021
16,70,124,3/29/2021
2,75,84,3/29/2021
15,92,69,3/29/2021
4,57,27,3/29/2021
14,53,126,3/30/2021
19,31,87,3/31/2021
7,51,109,4/1/2021
6,28,64,4/1/2021
13,79,156,4/2/2021
18,5,90,4/2/2021
10,2,151,4/2/2021
8,41,123,4/3/2021
11,97,70,4/4/2021
18,75,29,4/4/2021
18,49,130,4/4/2021
19,81,170,4/5/2021
20,92,70,4/8/2021
2,14,45,4/8/2021
16,64,23,4/8/2021
17,42,24,4/9/2021
4,70,31,4/9/2021
12,71,34,4/10/2021
19,88,65,4/10/2021
13,30,126,4/10/2021
19,96,67,4/12/2021
12,12,123,4/12/2021
12,42,23,4/12/2021
11,59,98,4/13/2021
6,80,156,4/14/2021
8,50,140,4/14/2021
4,8,25,4/14/2021
20,93,128,4/15/2021
19,68,150,4/15/2021
14,59,163,4/15/2021
12,54,48,4/17/2021
14,81,18,4/17/2021
11,37,72,4/17/2021
20,82,29,4/17/2021
9,90,48,4/19/2021
16,42,83,4/19/2021
19,21,5,4/19/2021
13,32,17,4/20/2021
19,59,102,4/20/2021
8,5,17,4/20/2021
17,19,22,4/20/2021
5,75,166,4/21/2021
9,73,119,4/21/2021
13,56,64,4/21/2021
3,5,142,4/22/2021
4,27,61,4/22/2021
5,14,15,4/22/2021
18,92,144,4/22/2021
17,69,38,4/22/2021
4,26,142,4/22/2021
20,69,151,4/23/2021
19,53,44,4/23/2021
19,35,129,4/24/2021
18,74,144,4/24/2021
7,40,119,4/24/2021
13,23,136,4/25/2021
8,46,84,4/25/2021
3,87,0,4/25/2021
4,55,60,4/25/2021
10,13,92,4/25/2021
5,43,48,4/26/2021
14,72,123,4/27/2021
7,90,7,4/27/2021
16,93,81,4/28/2021
6,29,117,4/28/2021
20,32,81,4/28/2021
20,33,132,4/29/2021
11,63,92,4/29/2021
6,90,81,4/29/2021
7,22,144,4/30/2021
6,78,53,4/30/2021
1,67,26,4/30/2021
3,74,20,5/1/2021
6,2,7,5/1/2021
12,35,54,5/1/2021
17,24,6,5/1/2021
10,2,41,5/1/2021
1,50,68,5/2/2021
20,39,124,5/2/2021
7,84,63,5/3/2021
11,67,10,5/3/2021
20,17,92,5/5/2021
14,95,56,5/5/2021
12,1,120,5/6/2021
6,15,6,5/6/2021
6,88,25,5/6/2021
9,76,146,5/6/2021
1,69,8,5/6/2021
9,93,57,5/6/2021
7,29,60,5/7/2021
8,89,68,5/7/2021
17,4,30,5/7/2021
1,97,23,5/8/2021
17,9,143,5/9/2021
11,26,2,5/9/2021
9,91,43,5/9/2021
12,13,43,5/9/2021
16,45,45,5/9/2021
5,44,139,5/10/2021
11,88,157,5/10/2021
7,96,136,5/10/2021
20,13,3,5/11/2021
18,96,98,5/11/2021
3,43,149,5/11/2021
14,13,138,5/12/2021
12,59,48,5/14/2021
3,26,26,5/14/2021
15,44,34,5/14/2021
1,68,108,5/15/2021
3,16,81,5/15/2021
17,37,144,5/15/2021
2,81,71,5/16/2021
2,12,115,5/17/2021
14,82,153,5/17/2021
11,94,154,5/17/2021
3,78,25,5/18/2021
19,65,132,5/18/2021
19,64,122,5/18/2021
16,37,127,5/18/2021
7,74,162,5/18/2021
7,44,112,5/19/2021
3,50,154,5/19/2021
14,75,167,5/19/2021
20,84,31,5/20/2021
1,66,131,5/20/2021
18,2,115,5/21/2021
3,92,139,5/21/2021
15,1,91,5/22/2021
12,19,94,5/22/2021
3,44,77,5/23/2021
6,10,25,5/23/2021
4,9,139,5/23/2021
7,44,23,5/23/2021
11,99,133,5/24/2021
19,2,17,5/24/2021
3,38,52,5/25/2021
4,4,156,5/25/2021
12,42,80,5/25/2021
13,39,121,5/26/2021
3,3,96,5/26/2021
3,59,119,5/26/2021
1,32,83,5/27/2021
5,51,8,5/27/2021
20,82,150,5/27/2021
17,89,134,5/29/2021
11,66,111,5/30/2021
14,5,88,5/30/2021
12,23,32,5/30/2021
3,76,43,6/1/2021
20,5,9,6/1/2021
3,52,43,6/2/2021
1,50,29,6/2/2021
11,86,65,6/2/2021
11,43,2,6/2/2021
9,22,49,6/3/2021
3,68,154,6/3/2021
14,44,107,6/3/2021
1,44,42,6/3/2021
9,18,57,6/3/2021
15,100,166,6/3/2021
19,43,65,6/3/2021
15,47,109,6/4/2021
1,59,121,6/4/2021
1,28,20,6/4/2021
16,38,125,6/5/2021
10,99,9,6/5/2021
8,10,19,6/6/2021
16,18,141,6/6/2021
19,12,105,6/6/2021
6,41,161,6/6/2021
15,92,92,6/7/2021
4,57,126,6/7/2021
17,34,10,6/7/2021
7,16,2,6/8/2021
20,74,78,6/8/2021
18,63,147,6/8/2021
5,31,164,6/9/2021
5,98,5,6/9/2021
8,93,37,6/9/2021
13,71,93,6/9/2021
6,49,26,6/10/2021
8,94,126,6/10/2021
11,90,143,6/11/2021
7,54,126,6/11/2021
15,51,143,6/12/2021
17,48,59,6/13/2021
10,26,82,6/13/2021
7,49,125,6/13/2021
5,13,153,6/13/2021
1,57,114,6/13/2021
7,57,70,6/14/2021
10,33,74,6/16/2021
20,67,102,6/17/2021
2,16,111,6/17/2021
18,65,152,6/17/2021
9,83,132,6/18/2021
18,51,170,6/18/2021
7,96,58,6/18/2021
13,1,75,6/18/2021
6,50,63,6/19/2021
20,59,132,6/20/2021
13,50,105,6/21/2021
16,71,50,6/21/2021
14,50,79,6/22/2021
19,1,20,6/22/2021
1,96,17,6/22/2021
20,61,55,6/23/2021
15,19,19,6/23/2021
4,16,48,6/24/2021
18,76,111,6/25/2021
9,10,73,6/25/2021
14,16,52,6/25/2021
12,33,144,6/25/2021
7,52,83,6/26/2021
7,95,48,6/26/2021
7,49,146,6/27/2021
1,91,151,6/27/2021
16,6,83,6/27/2021
17,44,64,6/28/2021
1,47,87,6/28/2021
13,19,2,6/28/2021
16,60,80,6/28/2021
20,61,7,6/29/2021
1,70,106,6/29/2021
2,100,82,6/30/2021
15,19,27,6/30/2021
4,84,163,7/1/2021
4,23,1,7/1/2021
11,51,139,7/1/2021
5,91,19,7/2/2021
20,90,20,7/2/2021
2,87,105,7/3/2021
3,40,153,7/3/2021
4,81,122,7/3/2021
12,73,153,7/5/2021
5,92,158,7/6/2021
14,87,88,7/6/2021
1,15,49,7/6/2021
5,41,11,7/6/2021
15,32,58,7/6/2021
5,80,139,7/6/2021
12,8,145,7/7/2021
10,33,2,7/7/2021
18,32,17,7/8/2021
16,70,38,7/8/2021
3,75,24,7/9/2021
14,75,158,7/9/2021
15,53,118,7/10/2021
12,80,69,7/10/2021
10,27,101,7/11/2021
10,44,2,7/12/2021
3,95,112,7/12/2021
10,92,166,7/12/2021
9,6,169,7/12/2021
18,14,162,7/13/2021
5,85,76,7/13/2021
2,3,10,7/13/2021
17,79,2,7/15/2021
16,47,5,7/15/2021
10,88,74,7/16/2021
16,66,90,7/16/2021
15,21,12,7/16/2021
10,92,38,7/16/2021
19,22,100,7/17/2021
20,37,159,7/17/2021
7,63,45,7/18/2021
10,78,87,7/18/2021
11,10,70,7/19/2021
9,17,102,7/19/2021
16,36,69,7/19/2021
4,13,102,7/19/2021
9,33,60,7/19/2021
7,51,47,7/19/2021
12,75,143,7/19/2021
14,27,91,7/20/2021
20,81,25,7/20/2021
4,63,92,7/21/2021
17,4,81,7/21/2021
6,13,69,7/21/2021
5,97,26,7/22/2021
20,98,155,7/22/2021
20,85,135,7/23/2021
5,4,70,7/23/2021
7,96,134,7/23/2021
18,45,95,7/24/2021
1,42,39,7/24/2021
13,35,120,7/24/2021
19,78,150,7/24/2021
8,27,155,7/24/2021
11,85,119,7/25/2021
18,76,72,7/25/2021
3,20,120,7/25/2021
10,90,32,7/25/2021
10,90,72,7/26/2021
17,71,187,7/26/2021
4,76,84,7/26/2021
19,45,13,7/26/2021
15,50,57,7/27/2021
5,15,8,7/28/2021
14,82,98,7/29/2021
13,100,132,7/29/2021
20,5,95,7/29/2021
20,53,118,7/30/2021
5,7,72,7/30/2021
17,8,56,7/31/2021
8,61,44,7/31/2021
15,21,31,7/31/2021
18,6,156,7/31/2021
6,26,15,7/31/2021
20,55,74,7/31/2021
8,70,7,7/31/2021
20,23,31,8/1/2021
4,94,27,8/1/2021
11,36,139,8/1/2021
10,56,173,8/2/2021
14,18,68,8/2/2021
9,18,2,8/2/2021
9,67,92,8/2/2021
9,74,27,8/2/2021
8,96,27,8/2/2021
14,68,130,8/2/2021
4,9,126,8/3/2021
9,87,55,8/3/2021
5,73,29,8/3/2021
9,67,115,8/4/2021
12,65,145,8/4/2021
11,64,29,8/4/2021
18,20,156,8/5/2021
6,67,26,8/5/2021
13,25,86,8/6/2021
18,6,112,8/6/2021
15,68,62,8/6/2021
14,40,58,8/6/2021
10,81,98,8/6/2021
1,36,181,8/6/2021
18,22,111,8/6/2021
18,54,90,8/7/2021
8,35,141,8/7/2021
13,97,91,8/7/2021
16,38,51,8/8/2021
6,57,9,8/8/2021
17,10,114,8/9/2021
19,5,139,8/9/2021
13,85,10,8/10/2021
20,4,128,8/10/2021
11,13,160,8/10/2021
17,46,70,8/10/2021
6,26,101,8/11/2021
11,80,111,8/11/2021
3,17,50,8/11/2021
15,74,42,8/12/2021
9,57,37,8/12/2021
7,57,90,8/13/2021
1,4,60,8/13/2021
13,95,111,8/13/2021
6,86,148,8/13/2021
7,29,105,8/15/2021
18,87,105,8/15/2021
2,93,91,8/16/2021
6,55,17,8/16/2021
2,4,100,8/17/2021
2,60,54,8/17/2021
12,75,94,8/18/2021
13,50,138,8/18/2021
8,63,45,8/18/2021
1,88,14,8/18/2021
15,54,51,8/18/2021
19,8,105,8/18/2021
8,62,31,8/18/2021
4,16,24,8/19/2021
11,37,28,8/19/2021
9,3,11,8/19/2021
16,96,38,8/20/2021
4,52,106,8/21/2021
7,95,48,8/21/2021
13,77,104,8/22/2021
15,81,52,8/22/2021
11,61,151,8/23/2021
14,12,67,8/23/2021
17,61,20,8/23/2021
12,9,31,8/24/2021
13,91,101,8/25/2021
7,20,77,8/25/2021
2,16,120,8/25/2021
16,79,113,8/25/2021
6,39,32,8/26/2021
12,78,6,8/26/2021
3,58,25,8/27/2021
11,74,84,8/28/2021
18,83,98,8/29/2021
1,68,20,8/29/2021
7,60,165,8/29/2021
9,86,25,8/29/2021
17,37,7,8/29/2021
14,3,138,8/29/2021
17,84,131,8/30/2021
19,24,73,8/30/2021
14,32,81,8/30/2021
13,3,0,8/30/2021
8,97,62,8/30/2021
11,40,131,8/31/2021
9,74,63,8/31/2021
1,72,1,9/1/2021
15,68,25,9/1/2021
9,94,118,9/1/2021
6,12,102,9/2/2021
3,32,2,9/3/2021
9,90,163,9/3/2021
4,11,14,9/3/2021
16,8,150,9/3/2021
2,58,53,9/4/2021
19,31,3,9/4/2021
12,94,34,9/4/2021
12,17,45,9/5/2021
3,42,132,9/5/2021
7,57,118,9/5/2021
12,5,161,9/6/2021
4,47,141,9/6/2021
9,23,123,9/6/2021
3,63,72,9/7/2021
14,20,94,9/7/2021
18,90,76,9/8/2021
3,55,71,9/8/2021
11,30,118,9/8/2021
11,55,95,9/8/2021
10,93,109,9/8/2021
8,92,81,9/9/2021
20,67,48,9/9/2021
16,17,118,9/9/2021
3,40,68,9/9/2021
9,41,24,9/9/2021
2,41,37,9/10/2021
20,78,184,9/10/2021
14,65,28,9/11/2021
8,67,99,9/11/2021
20,53,102,9/11/2021
12,3,35,9/11/2021
3,79,132,9/12/2021
14,95,14,9/12/2021
10,70,11,9/12/2021
16,85,114,9/13/2021
4,69,154,9/14/2021
8,97,73,9/14/2021
13,98,102,9/14/2021
18,85,33,9/15/2021
4,68,111,9/15/2021
13,72,121,9/15/2021
19,38,104,9/15/2021
1,54,178,9/16/2021
15,39,70,9/16/2021
5,15,0,9/16/2021
13,22,38,9/16/2021
18,1,11,9/16/2021
1,76,129,9/17/2021
5,19,51,9/17/2021
4,72,12,9/18/2021
16,88,107,9/18/2021
9,67,73,9/18/2021
11,76,168,9/18/2021
18,4,57,9/18/2021
7,5,132,9/18/2021
6,81,94,9/18/2021
14,38,11,9/19/2021
8,18,96,9/19/2021
19,83,129,9/19/2021
8,37,137,9/19/2021
19,91,33,9/19/2021
14,46,93,9/19/2021
20,60,121,9/20/2021
16,16,96,9/20/2021
5,27,59,9/21/2021
12,18,102,9/21/2021
20,8,72,9/21/2021
15,69,69,9/21/2021
2,53,176,9/21/2021
3,42,66,9/21/2021
1,1,64,9/22/2021
10,71,134,9/22/2021
2,27,145,9/22/2021
1,79,110,9/22/2021
9,12,67,9/22/2021
19,41,41,9/24/2021
4,63,54,9/25/2021
15,12,173,9/25/2021
5,92,153,9/25/2021
3,41,134,9/25/2021
15,79,112,9/26/2021
10,22,104,9/26/2021
19,58,147,9/26/2021
6,39,116,9/27/2021
5,1,25,9/27/2021
12,32,44,9/27/2021
14,42,34,9/28/2021
1,33,164,9/28/2021
4,93,21,9/28/2021
2,29,40,9/29/2021
10,43,162,9/30/2021
12,54,98,9/30/2021
1,77,95,10/1/2021
5,47,16,10/1/2021
20,86,132,10/1/2021
13,70,70,10/1/2021
5,43,173,10/2/2021
6,31,93,10/2/2021
6,6,94,10/2/2021
17,42,62,10/2/2021
9,99,19,10/2/2021
13,79,109,10/2/2021
3,91,59,10/3/2021
17,4,89,10/3/2021
8,28,145,10/3/2021
19,92,2,10/4/2021
19,4,94,10/4/2021
14,29,118,10/4/2021
18,52,123,10/4/2021
15,72,125,10/5/2021
4,69,131,10/5/2021
6,11,51,10/6/2021
13,39,2,10/6/2021
7,99,16,10/7/2021
19,65,2,10/7/2021
5,25,101,10/7/2021
16,28,51,10/7/2021
15,68,158,10/7/2021
16,12,120,10/7/2021
1,46,115,10/7/2021
15,93,57,10/8/2021
12,64,114,10/8/2021
14,23,100,10/9/2021
14,9,130,10/10/2021
9,22,150,10/11/2021
9,75,153,10/12/2021
8,26,63,10/12/2021
11,86,36,10/12/2021
10,47,154,10/12/2021
3,14,70,10/13/2021
19,19,89,10/13/2021
8,7,98,10/13/2021
2,86,2,10/14/2021
5,2,25,10/14/2021
10,81,91,10/14/2021
14,13,20,10/14/2021
11,79,167,10/15/2021
16,4,128,10/15/2021
7,24,6,10/15/2021
7,64,29,10/15/2021
12,48,105,10/16/2021
18,86,149,10/17/2021
8,13,93,10/17/2021
4,53,49,10/17/2021
3,37,8,10/17/2021
5,47,133,10/18/2021
4,46,131,10/18/2021
1,65,67,10/18/2021
9,20,84,10/19/2021
7,14,24,10/19/2021
7,60,121,10/19/2021
14,81,44,10/20/2021
12,21,2,10/20/2021
1,77,88,10/20/2021
1,40,35,10/21/2021
16,97,66,10/22/2021
9,51,151,10/22/2021
9,67,120,10/22/2021
14,14,146,10/22/2021
17,41,12,10/22/2021
5,29,49,10/22/2021
9,92,85,10/23/2021
1,26,141,10/23/2021
2,20,168,10/23/2021
5,77,115,10/23/2021
3,33,74,10/24/2021
4,60,142,10/24/2021
13,32,120,10/24/2021
10,78,70,10/25/2021
8,68,102,10/26/2021
6,8,140,10/26/2021
19,34,56,10/26/2021
14,24,30,10/27/2021
12,46,142,10/27/2021
11,55,136,10/28/2021
20,60,19,10/28/2021
4,9,4,10/29/2021
17,22,33,10/30/2021
11,30,85,10/30/2021
3,49,1,10/30/2021
16,34,13,10/30/2021
7,36,17,10/30/2021
16,38,41,10/30/2021
18,77,32,10/31/2021
2,50,67,10/31/2021
8,52,111,10/31/2021
14,49,45,10/31/2021
17,74,174,10/31/2021
14,33,152,11/2/2021
11,32,92,11/3/2021
14,25,130,11/3/2021
1,72,57,11/3/2021
9,81,142,11/3/2021
11,49,147,11/4/2021
18,24,80,11/4/2021
15,68,112,11/4/2021
17,17,29,11/5/2021
9,78,120,11/5/2021
8,67,150,11/5/2021
16,58,93,11/5/2021
2,48,1,11/5/2021
2,67,120,11/6/2021
16,74,40,11/6/2021
14,51,21,11/6/2021
6,8,75,11/7/2021
11,30,124,11/7/2021
18,77,116,11/7/2021
20,7,66,11/7/2021
6,16,22,11/8/2021
10,94,10,11/8/2021
7,17,130,11/8/2021
2,9,0,11/8/2021
19,33,49,11/9/2021
6,69,18,11/9/2021
6,95,114,11/9/2021
11,9,176,11/10/2021
9,12,48,11/10/2021
11,30,104,11/11/2021
11,59,13,11/11/2021
11,78,146,11/11/2021
13,53,19,11/12/2021
19,14,90,11/13/2021
3,24,136,11/13/2021
20,18,82,11/13/2021
9,66,108,11/13/2021
19,82,113,11/14/2021
11,9,29,11/14/2021
1,62,52,11/14/2021
11,9,166,11/15/2021
1,18,138,11/15/2021
4,52,127,11/15/2021
12,56,118,11/16/2021
17,39,19,11/16/2021
4,91,5,11/17/2021
5,18,162,11/17/2021
17,94,38,11/17/2021
11,62,65,11/17/2021
7,60,49,11/18/2021
15,65,159,11/18/2021
4,91,89,11/19/2021
2,72,133,11/19/2021
9,34,118,11/20/2021
6,38,21,11/20/2021
8,52,142,11/20/2021
14,35,137,11/21/2021
13,70,50,11/21/2021
2,89,78,11/21/2021
10,76,130,11/21/2021
11,49,167,11/22/2021
8,25,98,11/25/2021
15,90,105,11/25/2021
8,87,42,11/27/2021
5,2,96,11/27/2021
16,32,8,11/27/2021
13,29,129,11/27/2021
17,3,121,11/28/2021
15,65,20,11/28/2021
19,83,58,11/28/2021
3,85,146,11/29/2021
7,83,117,11/29/2021
2,1,166,11/29/2021
18,17,73,11/29/2021
19,62,128,11/30/2021
14,36,154,11/30/2021
8,36,54,11/30/2021
13,16,21,11/30/2021
10,90,181,11/30/2021
4,26,63,11/30/2021
17,97,47,12/1/2021
9,19,61,12/1/2021
14,77,79,12/1/2021
8,53,124,12/1/2021
9,26,19,12/2/2021
18,68,107,12/2/2021
9,72,185,12/2/2021
6,28,39,12/3/2021
20,31,82,12/3/2021
16,91,85,12/3/2021
5,59,2,12/3/2021
5,77,148,12/3/2021
15,91,151,12/3/2021
15,23,44,12/4/2021
11,97,105,12/4/2021
8,7,36,12/4/2021
8,55,17,12/4/2021
16,34,22,12/4/2021
13,21,79,12/6/2021
19,99,65,12/6/2021
15,54,183,12/6/2021
1,35,48,12/7/2021
3,14,35,12/7/2021
11,2,66,12/7/2021
14,61,158,12/9/2021
7,63,61,12/9/2021
4,18,76,12/9/2021
7,64,171,12/9/2021
16,74,162,12/10/2021
8,86,99,12/10/2021
5,71,28,12/10/2021
8,61,155,12/11/2021
6,87,159,12/11/2021
1,83,61,12/11/2021
10,23,96,12/11/2021
16,64,17,12/11/2021
15,4,153,12/12/2021
2,98,172,12/13/2021
3,34,59,12/13/2021
1,83,60,12/14/2021
11,1,73,12/14/2021
2,94,73,12/15/2021
9,35,66,12/15/2021
4,1,110,12/16/2021
6,94,37,12/16/2021
8,80,0,12/17/2021
5,33,111,12/18/2021
3,62,6,12/18/2021
11,63,38,12/18/2021
15,9,60,12/18/2021
20,63,145,12/18/2021
18,51,136,12/19/2021
3,13,2,12/19/2021
16,62,124,12/20/2021
10,66,149,12/21/2021
19,59,93,12/21/2021
11,80,39,12/22/2021
2,92,84,12/22/2021
16,73,79,12/23/2021
9,99,11,12/23/2021
18,44,64,12/24/2021
8,86,81,12/25/2021
20,48,46,12/25/2021
17,9,93,12/25/2021
4,49,16,12/26/2021
8,15,149,12/27/2021
3,25,93,12/27/2021
8,82,50,12/27/2021
10,55,51,12/28/2021
13,62,124,12/28/2021
9,3,101,12/28/2021
3,3,156,12/29/2021
3,6,36,12/29/2021
16,70,107,12/29/2021
2,22,144,12/29/2021
3,34,160,12/29/2021
1,6,44,12/30/2021
16,6,20,12/30/2021
3,26,104,12/30/2021
19,72,74,12/30/2021
16,73,25,12/31/2021
14,67,70,1/1/2022
8,56,51,1/1/2022
10,26,106,1/2/2022
14,32,34,1/2/2022
6,36,36,1/2/2022
4,42,58,1/2/2022
10,18,145,1/3/2022
15,42,144,1/3/2022
9,49,17,1/3/2022
5,75,74,1/4/2022
8,72,104,1/4/2022
7,41,116,1/4/2022
9,78,111,1/5/2022
16,48,58,1/6/2022
6,88,123,1/6/2022
5,53,170,1/6/2022
20,81,146,1/7/2022
7,100,147,1/7/2022
7,59,10,1/8/2022
17,81,151,1/9/2022
8,26,84,1/9/2022
12,56,148,1/10/2022
10,78,109,1/10/2022
16,89,93,1/11/2022
5,40,100,1/12/2022
19,28,81,1/12/2022
18,86,121,1/12/2022
11,73,60,1/12/2022
10,75,38,1/13/2022
17,84,77,1/14/2022
13,39,78,1/14/2022
2,53,80,1/15/2022
15,87,56,1/15/2022
8,75,32,1/15/2022
15,100,99,1/16/2022
9,24,164,1/17/2022
2,20,104,1/17/2022
15,13,26,1/17/2022
6,66,136,1/17/2022
8,74,136,1/17/2022
18,42,93,1/18/2022
18,39,113,1/18/2022
7,12,152,1/18/2022
10,29,175,1/19/2022
4,92,124,1/19/2022
11,32,81,1/19/2022
5,12,82,1/19/2022
13,99,46,1/19/2022
16,57,147,1/19/2022
2,99,153,1/19/2022
6,53,89,1/21/2022
10,39,72,1/21/2022
14,35,12,1/21/2022
15,79,73,1/22/2022
3,28,76,1/22/2022
20,26,55,1/23/2022
13,13,52,1/23/2022
7,16,6,1/23/2022
9,14,49,1/24/2022
17,59,44,1/24/2022
10,48,11,1/24/2022
12,20,7,1/25/2022
16,80,177,1/25/2022
18,84,82,1/25/2022
20,96,169,1/25/2022
6,63,45,1/25/2022
4,88,55,1/26/2022
3,14,48,1/27/2022
18,80,80,1/27/2022
9,9,20,1/27/2022
5,91,8,1/27/2022
3,25,117,1/28/2022
13,71,145,1/28/2022
9,34,123,1/28/2022
8,33,52,1/28/2022
17,29,40,1/29/2022
7,14,126,1/29/2022
9,34,108,1/29/2022
14,75,115,1/30/2022
16,92,123,1/30/2022
4,74,70,1/30/2022
5,48,109,1/31/2022
18,93,168,1/31/2022
20,73,144,1/31/2022
4,95,149,1/31/2022
4,96,68,2/1/2022
17,88,49,2/1/2022
8,84,31,2/1/2022
17,94,6,2/1/2022
1,47,173,2/1/2022
1,20,102,2/2/2022
10,95,7,2/2/2022
15,17,14,2/3/2022
2,75,45,2/3/2022
3,14,12,2/4/2022
16,62,72,2/4/2022
3,17,57,2/5/2022
6,34,77,2/5/2022
3,77,132,2/5/2022
19,51,98,2/5/2022
2,77,65,2/6/2022
17,26,36,2/6/2022
3,13,42,2/6/2022
16,90,13,2/7/2022
4,61,112,2/7/2022
16,93,35,2/8/2022
18,34,13,2/9/2022
5,45,50,2/9/2022
4,72,128,2/10/2022
3,41,124,2/10/2022
8,41,183,2/10/2022
13,80,29,2/10/2022
20,1,67,2/10/2022
17,25,14,2/10/2022
19,75,126,2/10/2022
15,43,18,2/11/2022
17,54,110,2/11/2022
3,14,97,2/12/2022
7,36,42,2/12/2022
15,77,44,2/12/2022
5,65,16,2/12/2022
18,58,62,2/12/2022
7,63,75,2/13/2022
15,97,66,2/13/2022
7,65,80,2/13/2022
16,42,22,2/13/2022
14,94,59,2/14/2022
15,47,71,2/14/2022
16,45,46,2/15/2022
15,10,61,2/16/2022
14,4,59,2/16/2022
19,95,63,2/16/2022
14,40,101,2/16/2022
9,14,93,2/16/2022
20,89,113,2/17/2022
11,31,57,2/17/2022
3,45,171,2/17/2022
4,64,104,2/18/2022
12,12,22,2/18/2022
9,7,34,2/19/2022
12,59,59,2/19/2022
19,42,93,2/19/2022
19,64,152,2/20/2022
3,90,91,2/20/2022
16,85,19,2/20/2022
7,16,48,2/21/2022
8,93,104,2/21/2022
3,65,134,2/22/2022
9,5,132,2/22/2022
12,89,85,2/22/2022
15,16,67,2/23/2022
4,46,137,2/23/2022
20,68,75,2/24/2022
8,47,5,2/25/2022
20,60,98,2/25/2022
2,67,162,2/26/2022
14,87,129,2/26/2022
15,20,83,2/26/2022
6,50,105,2/26/2022
20,81,38,2/27/2022
8,36,17,2/28/2022
20,73,141,2/28/2022
6,13,30,2/28/2022
10,68,74,2/28/2022
17,16,144,3/1/2022
20,60,3,3/2/2022
12,20,86,3/2/2022
12,63,108,3/2/2022
9,58,1,3/3/2022
10,64,157,3/4/2022
20,43,114,3/4/2022
6,79,38,3/6/2022
12,5,144,3/6/2022
20,90,105,3/6/2022
19,32,114,3/6/2022
12,86,95,3/6/2022
5,72,23,3/6/2022
11,32,156,3/6/2022
3,14,93,3/7/2022
4,99,161,3/7/2022
7,40,35,3/8/2022
13,72,116,3/9/2022
7,35,53,3/9/2022
4,83,137,3/9/2022
16,30,177,3/10/2022
19,91,176,3/10/2022
7,47,162,3/11/2022
12,73,84,3/11/2022
5,25,161,3/11/2022
10,15,36,3/11/2022
13,32,21,3/13/2022
4,52,67,3/13/2022
1,57,60,3/13/2022
12,61,41,3/14/2022
13,47,20,3/15/2022
3,36,96,3/16/2022
4,18,29,3/16/2022
6,94,78,3/16/2022
16,10,70,3/17/2022
5,16,50,3/17/2022
20,2,173,3/17/2022
7,18,76,3/17/2022
13,82,13,3/17/2022
16,36,9,3/18/2022
9,5,108,3/18/2022
20,8,33,3/18/2022
8,41,77,3/18/2022
5,5,125,3/19/2022
1,44,129,3/19/2022
11,91,9,3/19/2022
2,94,40,3/20/2022
14,30,15,3/20/2022
17,98,37,3/20/2022
20,69,118,3/20/2022
20,25,172,3/20/2022
10,70,73,3/21/2022
19,81,83,3/21/2022
16,49,50,3/22/2022
15,96,169,3/22/2022
6,66,150,3/22/2022
9,49,96,3/23/2022
16,25,20,3/23/2022
3,31,52,3/24/2022
12,69,24,3/24/2022
11,50,39,3/24/2022
14,100,107,3/25/2022
18,18,65,3/25/2022
15,65,123,3/25/2022
18,9,158,3/25/2022
17,97,54,3/26/2022
5,15,146,3/26/2022
11,79,83,3/26/2022
17,77,124,3/27/2022
4,6,52,3/27/2022
5,40,99,3/27/2022
4,91,47,3/27/2022
20,89,87,3/27/2022
5,85,129,3/28/2022
8,9,178,3/28/2022
4,57,26,3/29/2022
2,75,88,3/29/2022
15,92,79,3/29/2022
5,15,30,3/29/2022
7,72,28,3/29/2022
16,70,134,3/29/2022
14,53,124,3/30/2022
19,31,84,3/31/2022
7,51,114,4/1/2022
6,28,66,4/1/2022
10,2,147,4/2/2022
18,5,108,4/2/2022
13,79,177,4/2/2022
8,41,122,4/3/2022
11,97,65,4/4/2022
18,49,157,4/4/2022
18,75,33,4/4/2022
19,81,158,4/5/2022
16,64,27,4/8/2022
20,92,70,4/8/2022
2,14,48,4/8/2022
4,70,34,4/9/2022
17,42,27,4/9/2022
13,30,118,4/10/2022
19,88,69,4/10/2022
12,71,33,4/10/2022
12,42,24,4/12/2022
19,96,72,4/12/2022
12,12,141,4/12/2022
11,59,108,4/13/2022
4,8,23,4/14/2022
6,80,164,4/14/2022
8,50,146,4/14/2022
14,59,179,4/15/2022
19,68,145,4/15/2022
20,93,135,4/15/2022
11,37,76,4/17/2022
14,81,17,4/17/2022
12,54,51,4/17/2022
20,82,36,4/17/2022
19,21,5,4/19/2022
9,90,50,4/19/2022
16,42,100,4/19/2022
17,19,25,4/20/2022
8,5,18,4/20/2022
19,59,108,4/20/2022
13,32,19,4/20/2022
13,56,73,4/21/2022
5,75,183,4/21/2022
9,73,121,4/21/2022
3,5,157,4/22/2022
5,14,14,4/22/2022
18,92,149,4/22/2022
4,26,154,4/22/2022
17,69,43,4/22/2022
4,27,69,4/22/2022
20,69,157,4/23/2022
19,53,44,4/23/2022
19,35,154,4/24/2022
18,74,136,4/24/2022
7,40,129,4/24/2022
13,23,140,4/25/2022
3,87,0,4/25/2022
4,55,59,4/25/2022
8,46,92,4/25/2022
10,13,92,4/25/2022
5,43,50,4/26/2022
7,90,8,4/27/2022
14,72,122,4/27/2022
6,29,125,4/28/2022
20,32,82,4/28/2022
16,93,89,4/28/2022
11,63,98,4/29/2022
6,90,97,4/29/2022
20,33,146,4/29/2022
7,22,167,4/30/2022
1,67,27,4/30/2022
6,78,51,4/30/2022
10,2,42,5/1/2022
12,35,58,5/1/2022
3,74,23,5/1/2022
17,24,7,5/1/2022
6,2,8,5/1/2022
1,50,77,5/2/2022
20,39,129,5/2/2022
7,84,75,5/3/2022
11,67,9,5/3/2022
20,17,89,5/5/2022
14,95,50,5/5/2022
9,76,181,5/6/2022
12,1,136,5/6/2022
1,69,8,5/6/2022
6,88,28,5/6/2022
9,93,69,5/6/2022
6,15,6,5/6/2022
17,4,33,5/7/2022
8,89,80,5/7/2022
7,29,66,5/7/2022
1,97,27,5/8/2022
17,9,153,5/9/2022
11,26,2,5/9/2022
12,13,48,5/9/2022
9,91,45,5/9/2022
16,45,49,5/9/2022
11,88,169,5/10/2022
7,96,137,5/10/2022
5,44,159,5/10/2022
20,13,2,5/11/2022
18,96,108,5/11/2022
3,43,149,5/11/2022
14,13,156,5/12/2022
15,44,34,5/14/2022
12,59,51,5/14/2022
3,26,29,5/14/2022
1,68,122,5/15/2022
3,16,86,5/15/2022
17,37,138,5/15/2022
2,81,66,5/16/2022
2,12,119,5/17/2022
11,94,173,5/17/2022
14,82,182,5/17/2022
16,37,136,5/18/2022
7,74,185,5/18/2022
3,78,26,5/18/2022
19,64,137,5/18/2022
19,65,151,5/18/2022
3,50,142,5/19/2022
7,44,120,5/19/2022
14,75,157,5/19/2022
20,84,28,5/20/2022
1,66,122,5/20/2022
18,2,132,5/21/2022
3,92,132,5/21/2022
15,1,87,5/22/2022
12,19,95,5/22/2022
6,10,25,5/23/2022
4,9,141,5/23/2022
3,44,82,5/23/2022
7,44,25,5/23/2022
19,2,17,5/24/2022
11,99,161,5/24/2022
4,4,158,5/25/2022
3,38,57,5/25/2022
12,42,75,5/25/2022
13,39,123,5/26/2022
3,59,118,5/26/2022
3,3,101,5/26/2022
1,32,92,5/27/2022
5,51,8,5/27/2022
20,82,146,5/27/2022
17,89,125,5/29/2022
11,66,114,5/30/2022
12,23,31,5/30/2022
14,5,111,5/30/2022
3,76,42,6/1/2022
20,5,9,6/1/2022
1,50,34,6/2/2022
11,43,3,6/2/2022
11,86,66,6/2/2022
3,52,50,6/2/2022
14,44,102,6/3/2022
1,44,51,6/3/2022
9,18,64,6/3/2022
15,100,180,6/3/2022
19,43,60,6/3/2022
3,68,186,6/3/2022
9,22,52,6/3/2022
1,28,21,6/4/2022
15,47,111,6/4/2022
1,59,134,6/4/2022
10,99,9,6/5/2022
16,38,111,6/5/2022
16,18,177,6/6/2022
8,10,19,6/6/2022
19,12,103,6/6/2022
6,41,189,6/6/2022
17,34,10,6/7/2022
4,57,118,6/7/2022
15,92,105,6/7/2022
20,74,84,6/8/2022
18,63,156,6/8/2022
7,16,2,6/8/2022
13,71,89,6/9/2022
8,93,36,6/9/2022
5,31,166,6/9/2022
5,98,6,6/9/2022
8,94,137,6/10/2022
6,49,26,6/10/2022
11,90,163,6/11/2022
7,54,153,6/11/2022
15,51,135,6/12/2022
17,48,57,6/13/2022
10,26,90,6/13/2022
7,49,136,6/13/2022
1,57,101,6/13/2022
5,13,151,6/13/2022
7,57,77,6/14/2022
10,33,81,6/16/2022
2,16,100,6/17/2022
20,67,128,6/17/2022
18,65,165,6/17/2022
13,1,67,6/18/2022
7,96,69,6/18/2022
9,83,120,6/18/2022
18,51,165,6/18/2022
6,50,70,6/19/2022
20,59,120,6/20/2022
13,50,112,6/21/2022
16,71,52,6/21/2022
1,96,17,6/22/2022
19,1,21,6/22/2022
14,50,78,6/22/2022
15,19,19,6/23/2022
20,61,57,6/23/2022
4,16,46,6/24/2022
9,10,72,6/25/2022
14,16,47,6/25/2022
12,33,144,6/25/2022
18,76,118,6/25/2022
7,95,47,6/26/2022
7,52,86,6/26/2022
1,91,175,6/27/2022
16,6,87,6/27/2022
7,49,149,6/27/2022
17,44,80,6/28/2022
16,60,87,6/28/2022
13,19,2,6/28/2022
1,47,90,6/28/2022
1,70,125,6/29/2022
20,61,7,6/29/2022
2,100,72,6/30/2022
15,19,28,6/30/2022
11,51,143,7/1/2022
4,84,191,7/1/2022
4,23,1,7/1/2022
20,90,20,7/2/2022
5,91,19,7/2/2022
2,87,107,7/3/2022
3,40,177,7/3/2022
4,81,139,7/3/2022
12,73,163,7/5/2022
15,32,72,7/6/2022
5,41,11,7/6/2022
1,15,53,7/6/2022
5,92,154,7/6/2022
5,80,137,7/6/2022
14,87,92,7/6/2022
10,33,2,7/7/2022
12,8,158,7/7/2022
16,70,39,7/8/2022
18,32,15,7/8/2022
14,75,190,7/9/2022
3,75,28,7/9/2022
15,53,114,7/10/2022
12,80,64,7/10/2022
10,27,98,7/11/2022
9,6,172,7/12/2022
10,44,2,7/12/2022
10,92,164,7/12/2022
3,95,112,7/12/2022
5,85,78,7/13/2022
18,14,147,7/13/2022
2,3,10,7/13/2022
16,47,6,7/15/2022
17,79,2,7/15/2022
10,92,42,7/16/2022
15,21,15,7/16/2022
16,66,96,7/16/2022
10,88,83,7/16/2022
20,37,161,7/17/2022
19,22,94,7/17/2022
10,78,96,7/18/2022
7,63,51,7/18/2022
16,36,78,7/19/2022
9,33,74,7/19/2022
12,75,146,7/19/2022
4,13,97,7/19/2022
11,10,76,7/19/2022
7,51,46,7/19/2022
9,17,109,7/19/2022
20,81,22,7/20/2022
14,27,92,7/20/2022
17,4,85,7/21/2022
6,13,65,7/21/2022
4,63,92,7/21/2022
5,97,29,7/22/2022
20,98,153,7/22/2022
7,96,129,7/23/2022
20,85,123,7/23/2022
5,4,70,7/23/2022
19,78,161,7/24/2022
8,27,162,7/24/2022
1,42,40,7/24/2022
18,45,101,7/24/2022
13,35,138,7/24/2022
18,76,78,7/25/2022
11,85,124,7/25/2022
3,20,131,7/25/2022
10,90,33,7/25/2022
19,45,11,7/26/2022
4,76,89,7/26/2022
10,90,70,7/26/2022
17,71,197,7/26/2022
15,50,59,7/27/2022
5,15,8,7/28/2022
13,100,138,7/29/2022
14,82,101,7/29/2022
20,5,113,7/29/2022
20,53,130,7/30/2022
5,7,75,7/30/2022
8,61,46,7/31/2022
15,21,31,7/31/2022
20,55,87,7/31/2022
17,8,62,7/31/2022
6,26,17,7/31/2022
8,70,8,7/31/2022
18,6,159,7/31/2022
20,23,33,8/1/2022
4,94,29,8/1/2022
11,36,137,8/1/2022
9,67,99,8/2/2022
14,68,122,8/2/2022
10,56,160,8/2/2022
9,74,26,8/2/2022
9,18,2,8/2/2022
14,18,84,8/2/2022
8,96,27,8/2/2022
9,87,57,8/3/2022
5,73,31,8/3/2022
4,9,141,8/3/2022
12,65,174,8/4/2022
11,64,32,8/4/2022
9,67,118,8/4/2022
18,20,159,8/5/2022
6,67,28,8/5/2022
13,25,102,8/6/2022
18,22,124,8/6/2022
10,81,108,8/6/2022
1,36,169,8/6/2022
14,40,59,8/6/2022
18,6,107,8/6/2022
15,68,58,8/6/2022
8,35,162,8/7/2022
13,97,92,8/7/2022
18,54,113,8/7/2022
6,57,8,8/8/2022
16,38,52,8/8/2022
19,5,133,8/9/2022
17,10,121,8/9/2022
17,46,75,8/10/2022
13,85,10,8/10/2022
11,13,191,8/10/2022
20,4,140,8/10/2022
11,80,117,8/11/2022
6,26,94,8/11/2022
3,17,58,8/11/2022
9,57,40,8/12/2022
15,74,41,8/12/2022
6,86,150,8/13/2022
13,95,116,8/13/2022
1,4,61,8/13/2022
7,57,90,8/13/2022
18,87,123,8/15/2022
7,29,114,8/15/2022
6,55,17,8/16/2022
2,93,94,8/16/2022
2,4,91,8/17/2022
2,60,56,8/17/2022
19,8,103,8/18/2022
8,63,45,8/18/2022
8,62,32,8/18/2022
12,75,109,8/18/2022
1,88,13,8/18/2022
13,50,150,8/18/2022
15,54,57,8/18/2022
9,3,12,8/19/2022
11,37,29,8/19/2022
4,16,24,8/19/2022
16,96,38,8/20/2022
7,95,55,8/21/2022
4,52,116,8/21/2022
13,77,113,8/22/2022
15,81,53,8/22/2022
14,12,81,8/23/2022
17,61,21,8/23/2022
11,61,148,8/23/2022
12,9,33,8/24/2022
2,16,133,8/25/2022
13,91,116,8/25/2022
16,79,114,8/25/2022
7,20,82,8/25/2022
12,78,7,8/26/2022
6,39,33,8/26/2022
3,58,27,8/27/2022
11,74,79,8/28/2022
17,37,9,8/29/2022
7,60,178,8/29/2022
1,68,20,8/29/2022
14,3,157,8/29/2022
18,83,97,8/29/2022
9,86,25,8/29/2022
14,32,79,8/30/2022
19,24,69,8/30/2022
17,84,159,8/30/2022
13,3,0,8/30/2022
8,97,72,8/30/2022
9,74,65,8/31/2022
11,40,148,8/31/2022
15,68,27,9/1/2022
1,72,1,9/1/2022
9,94,127,9/1/2022
6,12,99,9/2/2022
4,11,14,9/3/2022
16,8,166,9/3/2022
3,32,2,9/3/2022
9,90,193,9/3/2022
12,94,38,9/4/2022
19,31,3,9/4/2022
2,58,59,9/4/2022
3,42,138,9/5/2022
12,17,44,9/5/2022
7,57,132,9/5/2022
4,47,164,9/6/2022
12,5,154,9/6/2022
9,23,139,9/6/2022
14,20,102,9/7/2022
3,63,85,9/7/2022
10,93,105,9/8/2022
11,55,111,9/8/2022
18,90,77,9/8/2022
11,30,119,9/8/2022
3,55,80,9/8/2022
16,17,111,9/9/2022
20,67,54,9/9/2022
9,41,25,9/9/2022
3,40,73,9/9/2022
8,92,75,9/9/2022
20,78,193,9/10/2022
2,41,35,9/10/2022
20,53,119,9/11/2022
12,3,34,9/11/2022
14,65,32,9/11/2022
8,67,91,9/11/2022
3,79,145,9/12/2022
10,70,10,9/12/2022
14,95,14,9/12/2022
16,85,117,9/13/2022
13,98,102,9/14/2022
4,69,178,9/14/2022
8,97,82,9/14/2022
4,68,108,9/15/2022
19,38,105,9/15/2022
18,85,35,9/15/2022
13,72,127,9/15/2022
5,15,0,9/16/2022
15,39,68,9/16/2022
18,1,11,9/16/2022
13,22,35,9/16/2022
1,54,173,9/16/2022
1,76,122,9/17/2022
5,19,49,9/17/2022
6,81,103,9/18/2022
18,4,62,9/18/2022
11,76,184,9/18/2022
9,67,72,9/18/2022
16,88,110,9/18/2022
7,5,138,9/18/2022
4,72,11,9/18/2022
19,83,152,9/19/2022
14,38,12,9/19/2022
8,37,157,9/19/2022
19,91,33,9/19/2022
8,18,107,9/19/2022
14,46,108,9/19/2022
20,60,139,9/20/2022
16,16,98,9/20/2022
20,8,86,9/21/2022
12,18,92,9/21/2022
5,27,60,9/21/2022
2,53,162,9/21/2022
15,69,72,9/21/2022
3,42,61,9/21/2022
9,12,81,9/22/2022
1,79,108,9/22/2022
10,71,157,9/22/2022
1,1,64,9/22/2022
2,27,136,9/22/2022
19,41,41,9/24/2022
4,63,57,9/25/2022
5,92,179,9/25/2022
15,12,175,9/25/2022
3,41,150,9/25/2022
19,58,158,9/26/2022
15,79,134,9/26/2022
10,22,98,9/26/2022
12,32,47,9/27/2022
5,1,29,9/27/2022
6,39,140,9/27/2022
1,33,183,9/28/2022
14,42,36,9/28/2022
4,93,22,9/28/2022
2,29,45,9/29/2022
10,43,163,9/30/2022
12,54,93,9/30/2022
20,86,131,10/1/2022
5,47,15,10/1/2022
1,77,99,10/1/2022
13,70,69,10/1/2022
13,79,122,10/2/2022
17,42,66,10/2/2022
9,99,23,10/2/2022
6,6,94,10/2/2022
5,43,173,10/2/2022
6,31,99,10/2/2022
17,4,95,10/3/2022
3,91,69,10/3/2022
8,28,144,10/3/2022
14,29,122,10/4/2022
19,92,2,10/4/2022
19,4,85,10/4/2022
18,52,149,10/4/2022
15,72,139,10/5/2022
4,69,126,10/5/2022
6,11,57,10/6/2022
13,39,2,10/6/2022
16,12,131,10/7/2022
1,46,112,10/7/2022
19,65,3,10/7/2022
7,99,17,10/7/2022
5,25,114,10/7/2022
16,28,57,10/7/2022
15,68,138,10/7/2022
15,93,53,10/8/2022
12,64,110,10/8/2022
14,23,102,10/9/2022
14,9,164,10/10/2022
9,22,133,10/11/2022
11,86,45,10/12/2022
9,75,183,10/12/2022
10,47,141,10/12/2022
8,26,62,10/12/2022
8,7,105,10/13/2022
19,19,82,10/13/2022
3,14,68,10/13/2022
2,86,2,10/14/2022
10,81,101,10/14/2022
5,2,25,10/14/2022
14,13,21,10/14/2022
16,4,132,10/15/2022
11,79,172,10/15/2022
7,64,31,10/15/2022
7,24,7,10/15/2022
12,48,105,10/16/2022
4,53,52,10/17/2022
3,37,9,10/17/2022
8,13,114,10/17/2022
18,86,137,10/17/2022
5,47,118,10/18/2022
4,46,132,10/18/2022
1,65,70,10/18/2022
7,14,29,10/19/2022
7,60,133,10/19/2022
9,20,90,10/19/2022
12,21,2,10/20/2022
14,81,48,10/20/2022
1,77,95,10/20/2022
1,40,42,10/21/2022
17,41,14,10/22/2022
9,67,113,10/22/2022
16,97,72,10/22/2022
9,51,154,10/22/2022
14,14,154,10/22/2022
5,29,50,10/22/2022
2,20,174,10/23/2022
9,92,81,10/23/2022
1,26,166,10/23/2022
5,77,129,10/23/2022
13,32,121,10/24/2022
4,60,138,10/24/2022
3,33,73,10/24/2022
10,78,68,10/25/2022
8,68,120,10/26/2022
19,34,60,10/26/2022
6,8,144,10/26/2022
14,24,32,10/27/2022
12,46,155,10/27/2022
11,55,149,10/28/2022
20,60,21,10/28/2022
4,9,3,10/29/2022
16,34,15,10/30/2022
7,36,19,10/30/2022
17,22,38,10/30/2022
16,38,44,10/30/2022
3,49,1,10/30/2022
11,30,94,10/30/2022
8,52,132,10/31/2022
2,50,69,10/31/2022
17,74,183,10/31/2022
14,49,53,10/31/2022
18,77,35,10/31/2022
14,33,153,11/2/2022
14,25,161,11/3/2022
9,81,139,11/3/2022
1,72,62,11/3/2022
11,32,87,11/3/2022
11,49,171,11/4/2022
18,24,91,11/4/2022
15,68,125,11/4/2022
2,48,1,11/5/2022
8,67,136,11/5/2022
9,78,128,11/5/2022
16,58,98,11/5/2022
17,17,29,11/5/2022
14,51,24,11/6/2022
2,67,133,11/6/2022
16,74,48,11/6/2022
6,8,87,11/7/2022
18,77,119,11/7/2022
11,30,117,11/7/2022
20,7,68,11/7/2022
7,17,135,11/8/2022
2,9,0,11/8/2022
10,94,12,11/8/2022
6,16,25,11/8/2022
6,69,18,11/9/2022
6,95,123,11/9/2022
19,33,45,11/9/2022
9,12,48,11/10/2022
11,9,172,11/10/2022
11,30,113,11/11/2022
11,78,169,11/11/2022
11,59,13,11/11/2022
13,53,20,11/12/2022
9,66,115,11/13/2022
19,14,95,11/13/2022
3,24,138,11/13/2022
20,18,82,11/13/2022
11,9,31,11/14/2022
19,82,100,11/14/2022
1,62,54,11/14/2022
11,9,173,11/15/2022
1,18,130,11/15/2022
4,52,119,11/15/2022
12,56,104,11/16/2022
17,39,20,11/16/2022
4,91,5,11/17/2022
5,18,162,11/17/2022
11,62,69,11/17/2022
17,94,43,11/17/2022
7,60,50,11/18/2022
15,65,152,11/18/2022
4,91,88,11/19/2022
2,72,123,11/19/2022
6,38,20,11/20/2022
9,34,122,11/20/2022
8,52,127,11/20/2022
14,35,149,11/21/2022
10,76,150,11/21/2022
2,89,72,11/21/2022
13,70,52,11/21/2022
11,49,191,11/22/2022
15,90,126,11/25/2022
8,25,95,11/25/2022
16,32,9,11/27/2022
5,2,97,11/27/2022
13,29,131,11/27/2022
8,87,50,11/27/2022
15,65,19,11/28/2022
17,3,132,11/28/2022
19,83,57,11/28/2022
7,83,112,11/29/2022
3,85,149,11/29/2022
2,1,167,11/29/2022
18,17,73,11/29/2022
13,16,26,11/30/2022
4,26,70,11/30/2022
8,36,55,11/30/2022
10,90,166,11/30/2022
14,36,142,11/30/2022
19,62,149,11/30/2022
14,77,86,12/1/2022
17,97,47,12/1/2022
9,19,72,12/1/2022
8,53,135,12/1/2022
9,26,21,12/2/2022
18,68,112,12/2/2022
9,72,165,12/2/2022
20,31,81,12/3/2022
16,91,90,12/3/2022
5,59,2,12/3/2022
6,28,37,12/3/2022
15,91,162,12/3/2022
5,77,163,12/3/2022
11,97,126,12/4/2022
16,34,23,12/4/2022
8,55,17,12/4/2022
15,23,48,12/4/2022
8,7,41,12/4/2022
15,54,174,12/6/2022
19,99,66,12/6/2022
13,21,81,12/6/2022
11,2,76,12/7/2022
3,14,39,12/7/2022
1,35,48,12/7/2022
7,63,62,12/9/2022
4,18,75,12/9/2022
7,64,176,12/9/2022
14,61,185,12/9/2022
16,74,162,12/10/2022
5,71,32,12/10/2022
8,86,100,12/10/2022
8,61,157,12/11/2022
6,87,159,12/11/2022
16,64,19,12/11/2022
10,23,86,12/11/2022
1,83,62,12/11/2022
15,4,159,12/12/2022
2,98,179,12/13/2022
3,34,64,12/13/2022
1,83,61,12/14/2022
11,1,70,12/14/2022
2,94,80,12/15/2022
9,35,75,12/15/2022
4,1,131,12/16/2022
6,94,34,12/16/2022
8,80,0,12/17/2022
11,63,47,12/18/2022
20,63,158,12/18/2022
5,33,123,12/18/2022
15,9,56,12/18/2022
3,62,7,12/18/2022
18,51,125,12/19/2022
3,13,2,12/19/2022
16,62,135,12/20/2022
10,66,138,12/21/2022
19,59,90,12/21/2022
11,80,48,12/22/2022
2,92,99,12/22/2022
16,73,80,12/23/2022
9,99,14,12/23/2022
18,44,63,12/24/2022
8,86,81,12/25/2022
20,48,47,12/25/2022
17,9,101,12/25/2022
4,49,19,12/26/2022
8,82,50,12/27/2022
8,15,164,12/27/2022
3,25,100,12/27/2022
10,55,62,12/28/2022
13,62,142,12/28/2022
9,3,108,12/28/2022
2,22,151,12/29/2022
16,70,103,12/29/2022
3,34,168,12/29/2022
3,6,43,12/29/2022
3,3,190,12/29/2022
3,26,110,12/30/2022
1,6,48,12/30/2022
16,6,17,12/30/2022
19,72,81,12/30/2022
16,73,28,12/31/2022
14,67,68,1/1/2023
8,56,64,1/1/2023
14,32,40,1/2/2023
6,36,39,1/2/2023
4,42,56,1/2/2023
10,26,123,1/2/2023
9,49,20,1/3/2023
15,42,140,1/3/2023
10,18,144,1/3/2023
7,41,110,1/4/2023
5,75,67,1/4/2023
8,72,104,1/4/2023
9,78,132,1/5/2023
5,53,147,1/6/2023
16,48,66,1/6/2023
6,88,125,1/6/2023
7,100,157,1/7/2023
20,81,159,1/7/2023
7,59,10,1/8/2023
17,81,165,1/9/2023
8,26,91,1/9/2023
10,78,113,1/10/2023
12,56,151,1/10/2023
16,89,115,1/11/2023
11,73,66,1/12/2023
18,86,114,1/12/2023
19,28,72,1/12/2023
5,40,110,1/12/2023
10,75,39,1/13/2023
17,84,77,1/14/2023
13,39,75,1/14/2023
15,87,55,1/15/2023
8,75,34,1/15/2023
2,53,100,1/15/2023
15,100,101,1/16/2023
6,66,142,1/17/2023
9,24,187,1/17/2023
8,74,163,1/17/2023
2,20,91,1/17/2023
15,13,29,1/17/2023
18,39,126,1/18/2023
7,12,171,1/18/2023
18,42,110,1/18/2023
11,32,73,1/19/2023
16,57,164,1/19/2023
2,99,177,1/19/2023
13,99,49,1/19/2023
10,29,181,1/19/2023
5,12,95,1/19/2023
4,92,130,1/19/2023
10,39,68,1/21/2023
6,53,95,1/21/2023
14,35,14,1/21/2023
3,28,77,1/22/2023
15,79,78,1/22/2023
20,26,52,1/23/2023
7,16,7,1/23/2023
13,13,56,1/23/2023
10,48,11,1/24/2023
17,59,53,1/24/2023
9,14,55,1/24/2023
16,80,155,1/25/2023
20,96,167,1/25/2023
18,84,86,1/25/2023
12,20,9,1/25/2023
6,63,51,1/25/2023
4,88,54,1/26/2023
9,9,22,1/27/2023
18,80,91,1/27/2023
3,14,49,1/27/2023
5,91,9,1/27/2023
9,34,122,1/28/2023
13,71,164,1/28/2023
8,33,54,1/28/2023
3,25,115,1/28/2023
17,29,46,1/29/2023
9,34,122,1/29/2023
7,14,116,1/29/2023
16,92,131,1/30/2023
14,75,110,1/30/2023
4,74,71,1/30/2023
18,93,158,1/31/2023
4,95,151,1/31/2023
20,73,146,1/31/2023
5,48,118,1/31/2023
8,84,31,2/1/2023
17,88,54,2/1/2023
1,47,165,2/1/2023
17,94,6,2/1/2023
4,96,73,2/1/2023
1,20,89,2/2/2023
10,95,7,2/2/2023
2,75,44,2/3/2023
15,17,16,2/3/2023
16,62,81,2/4/2023
3,14,12,2/4/2023
3,77,142,2/5/2023
19,51,101,2/5/2023
6,34,87,2/5/2023
3,17,54,2/5/2023
17,26,38,2/6/2023
2,77,66,2/6/2023
3,13,48,2/6/2023
16,90,14,2/7/2023
4,61,131,2/7/2023
16,93,34,2/8/2023
5,45,51,2/9/2023
18,34,14,2/9/2023
4,72,140,2/10/2023
17,25,16,2/10/2023
8,41,163,2/10/2023
20,1,66,2/10/2023
13,80,29,2/10/2023
19,75,140,2/10/2023
3,41,134,2/10/2023
17,54,116,2/11/2023
15,43,16,2/11/2023
3,14,92,2/12/2023
15,77,46,2/12/2023
7,36,40,2/12/2023
5,65,17,2/12/2023
18,58,62,2/12/2023
7,63,79,2/13/2023
16,42,23,2/13/2023
15,97,62,2/13/2023
7,65,93,2/13/2023
14,94,60,2/14/2023
15,47,66,2/14/2023
16,45,55,2/15/2023
9,14,107,2/16/2023
14,40,121,2/16/2023
14,4,62,2/16/2023
19,95,75,2/16/2023
15,10,68,2/16/2023
11,31,59,2/17/2023
20,89,132,2/17/2023
3,45,154,2/17/2023
12,12,26,2/18/2023
4,64,99,2/18/2023
9,7,41,2/19/2023
19,42,92,2/19/2023
12,59,69,2/19/2023
16,85,21,2/20/2023
3,90,90,2/20/2023
19,64,166,2/20/2023
7,16,49,2/21/2023
8,93,122,2/21/2023
12,89,90,2/22/2023
3,65,144,2/22/2023
9,5,123,2/22/2023
15,16,69,2/23/2023
4,46,132,2/23/2023
20,68,84,2/24/2023
8,47,4,2/25/2023
20,60,102,2/25/2023
15,20,96,2/26/2023
2,67,167,2/26/2023
6,50,130,2/26/2023
14,87,159,2/26/2023
20,81,40,2/27/2023
10,68,81,2/28/2023
6,13,35,2/28/2023
8,36,19,2/28/2023
20,73,142,2/28/2023
17,16,142,3/1/2023
12,20,97,3/2/2023
20,60,4,3/2/2023
12,63,115,3/2/2023
9,58,1,3/3/2023
20,43,110,3/4/2023
10,64,140,3/4/2023
12,5,163,3/6/2023
6,79,42,3/6/2023
5,72,28,3/6/2023
12,86,93,3/6/2023
11,32,135,3/6/2023
20,90,111,3/6/2023
19,32,119,3/6/2023
3,14,112,3/7/2023
4,99,188,3/7/2023
7,40,39,3/8/2023
4,83,174,3/9/2023
13,72,120,3/9/2023
7,35,55,3/9/2023
16,30,192,3/10/2023
19,91,184,3/10/2023
5,25,163,3/11/2023
10,15,42,3/11/2023
7,47,177,3/11/2023
12,73,92,3/11/2023
13,32,21,3/13/2023
1,57,72,3/13/2023
4,52,70,3/13/2023
12,61,38,3/14/2023
13,47,22,3/15/2023
3,36,101,3/16/2023
6,94,87,3/16/2023
4,18,32,3/16/2023
13,82,15,3/17/2023
7,18,83,3/17/2023
16,10,79,3/17/2023
5,16,54,3/17/2023
20,2,179,3/17/2023
8,41,92,3/18/2023
9,5,116,3/18/2023
16,36,10,3/18/2023
20,8,30,3/18/2023
11,91,9,3/19/2023
1,44,147,3/19/2023
5,5,156,3/19/2023
20,69,123,3/20/2023
17,98,39,3/20/2023
20,25,183,3/20/2023
2,94,37,3/20/2023
14,30,17,3/20/2023
10,70,82,3/21/2023
19,81,83,3/21/2023
16,49,58,3/22/2023
6,66,178,3/22/2023
15,96,159,3/22/2023
16,25,20,3/23/2023
9,49,103,3/23/2023
11,50,45,3/24/2023
3,31,63,3/24/2023
12,69,25,3/24/2023
18,9,171,3/25/2023
18,18,65,3/25/2023
15,65,117,3/25/2023
14,100,110,3/25/2023
11,79,84,3/26/2023
17,97,68,3/26/2023
5,15,138,3/26/2023
20,89,107,3/27/2023
4,6,58,3/27/2023
17,77,136,3/27/2023
5,40,113,3/27/2023
4,91,47,3/27/2023
5,85,133,3/28/2023
8,9,176,3/28/2023
16,70,147,3/29/2023
15,92,71,3/29/2023
7,72,33,3/29/2023
5,15,33,3/29/2023
2,75,88,3/29/2023
4,57,25,3/29/2023
14,53,150,3/30/2023
19,31,98,3/31/2023
6,28,74,4/1/2023
7,51,108,4/1/2023
13,79,177,4/2/2023
10,2,149,4/2/2023
18,5,113,4/2/2023
8,41,133,4/3/2023
18,49,138,4/4/2023
18,75,33,4/4/2023
11,97,72,4/4/2023
19,81,187,4/5/2023
2,14,49,4/8/2023
20,92,80,4/8/2023
16,64,27,4/8/2023
4,70,35,4/9/2023
17,42,29,4/9/2023
13,30,129,4/10/2023
19,88,80,4/10/2023
12,71,39,4/10/2023
12,12,150,4/12/2023
19,96,69,4/12/2023
12,42,27,4/12/2023
11,59,116,4/13/2023
6,80,146,4/14/2023
8,50,144,4/14/2023
4,8,25,4/14/2023
14,59,174,4/15/2023
20,93,155,4/15/2023
19,68,159,4/15/2023
12,54,50,4/17/2023
14,81,19,4/17/2023
20,82,37,4/17/2023
11,37,88,4/17/2023
19,21,5,4/19/2023
16,42,97,4/19/2023
9,90,47,4/19/2023
8,5,21,4/20/2023
13,32,21,4/20/2023
19,59,104,4/20/2023
17,19,24,4/20/2023
13,56,69,4/21/2023
5,75,177,4/21/2023
9,73,124,4/21/2023
4,26,177,4/22/2023
18,92,139,4/22/2023
3,5,152,4/22/2023
4,27,76,4/22/2023
17,69,45,4/22/2023
5,14,15,4/22/2023
19,53,43,4/23/2023
20,69,190,4/23/2023
19,35,142,4/24/2023
18,74,154,4/24/2023
7,40,125,4/24/2023
8,46,100,4/25/2023
10,13,89,4/25/2023
3,87,0,4/25/2023
4,55,70,4/25/2023
13,23,147,4/25/2023
5,43,54,4/26/2023
7,90,8,4/27/2023
14,72,137,4/27/2023
16,93,98,4/28/2023
20,32,96,4/28/2023
6,29,133,4/28/2023
6,90,90,4/29/2023
20,33,137,4/29/2023
11,63,98,4/29/2023
1,67,30,4/30/2023
7,22,158,4/30/2023
6,78,56,4/30/2023
10,2,42,5/1/2023
6,2,8,5/1/2023
3,74,24,5/1/2023
12,35,63,5/1/2023
17,24,8,5/1/2023
20,39,157,5/2/2023
1,50,75,5/2/2023
11,67,10,5/3/2023
7,84,80,5/3/2023
14,95,60,5/5/2023
20,17,97,5/5/2023
12,1,123,5/6/2023
6,15,7,5/6/2023
9,76,182,5/6/2023
1,69,8,5/6/2023
9,93,76,5/6/2023
6,88,31,5/6/2023
7,29,79,5/7/2023
8,89,81,5/7/2023
17,4,33,5/7/2023
1,97,24,5/8/2023
11,26,2,5/9/2023
9,91,54,5/9/2023
17,9,139,5/9/2023
16,45,45,5/9/2023
12,13,50,5/9/2023
11,88,166,5/10/2023
7,96,135,5/10/2023
5,44,160,5/10/2023
3,43,142,5/11/2023
18,96,106,5/11/2023
20,13,3,5/11/2023
14,13,148,5/12/2023
12,59,47,5/14/2023
15,44,39,5/14/2023
3,26,28,5/14/2023
3,16,103,5/15/2023
17,37,157,5/15/2023
1,68,121,5/15/2023
2,81,78,5/16/2023
2,12,133,5/17/2023
11,94,191,5/17/2023
14,82,174,5/17/2023
19,65,156,5/18/2023
19,64,129,5/18/2023
7,74,189,5/18/2023
3,78,26,5/18/2023
16,37,139,5/18/2023
7,44,117,5/19/2023
3,50,178,5/19/2023
14,75,157,5/19/2023
1,66,144,5/20/2023
20,84,32,5/20/2023
18,2,139,5/21/2023
3,92,140,5/21/2023
15,1,93,5/22/2023
12,19,114,5/22/2023
3,44,82,5/23/2023
7,44,28,5/23/2023
6,10,29,5/23/2023
4,9,162,5/23/2023
11,99,143,5/24/2023
19,2,18,5/24/2023
4,4,158,5/25/2023
3,38,61,5/25/2023
12,42,85,5/25/2023
13,39,135,5/26/2023
3,59,126,5/26/2023
3,3,115,5/26/2023
5,51,8,5/27/2023
1,32,88,5/27/2023
20,82,150,5/27/2023
17,89,151,5/29/2023
12,23,30,5/30/2023
14,5,112,5/30/2023
11,66,130,5/30/2023
3,76,39,6/1/2023
20,5,10,6/1/2023
1,50,35,6/2/2023
3,52,47,6/2/2023
11,86,68,6/2/2023
11,43,3,6/2/2023
3,68,188,6/3/2023
9,18,59,6/3/2023
15,100,194,6/3/2023
9,22,57,6/3/2023
14,44,112,6/3/2023
19,43,74,6/3/2023
1,44,50,6/3/2023
15,47,107,6/4/2023
1,28,24,6/4/2023
1,59,156,6/4/2023
16,38,121,6/5/2023
10,99,10,6/5/2023
8,10,22,6/6/2023
16,18,184,6/6/2023
6,41,185,6/6/2023
19,12,108,6/6/2023
4,57,133,6/7/2023
15,92,95,6/7/2023
17,34,11,6/7/2023
20,74,95,6/8/2023
7,16,2,6/8/2023
18,63,176,6/8/2023
8,93,42,6/9/2023
5,98,6,6/9/2023
13,71,102,6/9/2023
5,31,187,6/9/2023
6,49,27,6/10/2023
8,94,149,6/10/2023
11,90,171,6/11/2023
7,54,166,6/11/2023
15,51,158,6/12/2023
17,48,59,6/13/2023
7,49,162,6/13/2023
5,13,166,6/13/2023
10,26,87,6/13/2023
1,57,108,6/13/2023
7,57,83,6/14/2023
10,33,82,6/16/2023
18,65,177,6/17/2023
2,16,113,6/17/2023
20,67,124,6/17/2023
13,1,81,6/18/2023
7,96,76,6/18/2023
9,83,151,6/18/2023
18,51,183,6/18/2023
6,50,70,6/19/2023
20,59,141,6/20/2023
13,50,126,6/21/2023
16,71,56,6/21/2023
14,50,79,6/22/2023
19,1,22,6/22/2023
1,96,19,6/22/2023
15,19,19,6/23/2023
20,61,69,6/23/2023
4,16,48,6/24/2023
18,76,134,6/25/2023
12,33,152,6/25/2023
14,16,51,6/25/2023
9,10,88,6/25/2023
7,52,88,6/26/2023
7,95,49,6/26/2023
7,49,145,6/27/2023
1,91,156,6/27/2023
16,6,105,6/27/2023
16,60,85,6/28/2023
13,19,2,6/28/2023
1,47,109,6/28/2023
17,44,72,6/28/2023
1,70,137,6/29/2023
20,61,7,6/29/2023
15,19,30,6/30/2023
2,100,83,6/30/2023
11,51,168,7/1/2023
4,84,186,7/1/2023
4,23,1,7/1/2023
20,90,25,7/2/2023
5,91,21,7/2/2023
4,81,130,7/3/2023
2,87,108,7/3/2023
3,40,177,7/3/2023
12,73,166,7/5/2023
5,80,161,7/6/2023
1,15,55,7/6/2023
5,41,11,7/6/2023
5,92,176,7/6/2023
15,32,75,7/6/2023
14,87,90,7/6/2023
12,8,181,7/7/2023
10,33,2,7/7/2023
16,70,44,7/8/2023
18,32,17,7/8/2023
14,75,167,7/9/2023
3,75,30,7/9/2023
12,80,71,7/10/2023
15,53,129,7/10/2023
10,27,116,7/11/2023
10,92,196,7/12/2023
10,44,2,7/12/2023
3,95,121,7/12/2023
9,6,176,7/12/2023
2,3,11,7/13/2023
5,85,98,7/13/2023
18,14,171,7/13/2023
16,47,6,7/15/2023
17,79,2,7/15/2023
10,92,42,7/16/2023
10,88,95,7/16/2023
16,66,111,7/16/2023
15,21,15,7/16/2023
19,22,102,7/17/2023
20,37,176,7/17/2023
10,78,95,7/18/2023
7,63,55,7/18/2023
9,33,71,7/19/2023
16,36,83,7/19/2023
4,13,100,7/19/2023
7,51,47,7/19/2023
12,75,163,7/19/2023
9,17,117,7/19/2023
11,10,83,7/19/2023
20,81,23,7/20/2023
14,27,94,7/20/2023
6,13,77,7/21/2023
4,63,110,7/21/2023
17,4,99,7/21/2023
5,97,33,7/22/2023
20,98,191,7/22/2023
7,96,158,7/23/2023
20,85,147,7/23/2023
5,4,68,7/23/2023
13,35,144,7/24/2023
18,45,103,7/24/2023
19,78,180,7/24/2023
8,27,183,7/24/2023
1,42,42,7/24/2023
3,20,140,7/25/2023
18,76,81,7/25/2023
10,90,40,7/25/2023
11,85,126,7/25/2023
17,71,180,7/26/2023
4,76,86,7/26/2023
10,90,90,7/26/2023
19,45,12,7/26/2023
15,50,66,7/27/2023
5,15,9,7/28/2023
13,100,131,7/29/2023
14,82,100,7/29/2023
20,5,116,7/29/2023
20,53,143,7/30/2023
5,7,76,7/30/2023
8,61,44,7/31/2023
6,26,16,7/31/2023
15,21,34,7/31/2023
20,55,88,7/31/2023
17,8,59,7/31/2023
8,70,7,7/31/2023
18,6,165,7/31/2023
11,36,142,8/1/2023
20,23,35,8/1/2023
4,94,28,8/1/2023
14,68,141,8/2/2023
9,67,93,8/2/2023
14,18,81,8/2/2023
10,56,167,8/2/2023
9,74,30,8/2/2023
9,18,2,8/2/2023
8,96,28,8/2/2023
5,73,29,8/3/2023
4,9,141,8/3/2023
9,87,62,8/3/2023
12,65,174,8/4/2023
9,67,118,8/4/2023
11,64,33,8/4/2023
18,20,148,8/5/2023
6,67,27,8/5/2023
10,81,116,8/6/2023
14,40,61,8/6/2023
13,25,100,8/6/2023
15,68,68,8/6/2023
18,6,106,8/6/2023
18,22,136,8/6/2023
1,36,171,8/6/2023
13,97,99,8/7/2023
18,54,117,8/7/2023
8,35,189,8/7/2023
6,57,10,8/8/2023
16,38,58,8/8/2023
17,10,117,8/9/2023
19,5,148,8/9/2023
13,85,13,8/10/2023
20,4,140,8/10/2023
11,13,191,8/10/2023
17,46,70,8/10/2023
11,80,118,8/11/2023
3,17,64,8/11/2023
6,26,106,8/11/2023
15,74,42,8/12/2023
9,57,38,8/12/2023
1,4,68,8/13/2023
6,86,157,8/13/2023
7,57,101,8/13/2023
13,95,118,8/13/2023
18,87,122,8/15/2023
7,29,123,8/15/2023
6,55,19,8/16/2023
2,93,93,8/16/2023
2,4,95,8/17/2023
2,60,66,8/17/2023
13,50,145,8/18/2023
12,75,101,8/18/2023
8,63,47,8/18/2023
1,88,14,8/18/2023
8,62,33,8/18/2023
15,54,51,8/18/2023
19,8,115,8/18/2023
9,3,14,8/19/2023
4,16,27,8/19/2023
11,37,30,8/19/2023
16,96,45,8/20/2023
4,52,141,8/21/2023
7,95,56,8/21/2023
15,81,57,8/22/2023
13,77,134,8/22/2023
11,61,177,8/23/2023
17,61,22,8/23/2023
14,12,72,8/23/2023
12,9,32,8/24/2023
13,91,120,8/25/2023
7,20,73,8/25/2023
2,16,138,8/25/2023
16,79,140,8/25/2023
6,39,42,8/26/2023
12,78,8,8/26/2023
3,58,29,8/27/2023
11,74,78,8/28/2023
18,83,112,8/29/2023
1,68,23,8/29/2023
9,86,29,8/29/2023
7,60,201,8/29/2023
14,3,155,8/29/2023
17,37,9,8/29/2023
17,84,141,8/30/2023
19,24,76,8/30/2023
14,32,81,8/30/2023
13,3,0,8/30/2023
8,97,74,8/30/2023
9,74,79,8/31/2023
11,40,158,8/31/2023
9,94,154,9/1/2023
15,68,24,9/1/2023
1,72,1,9/1/2023
6,12,103,9/2/2023
9,90,196,9/3/2023
3,32,2,9/3/2023
16,8,180,9/3/2023
4,11,15,9/3/2023
12,94,37,9/4/2023
2,58,65,9/4/2023
19,31,4,9/4/2023
12,17,45,9/5/2023
7,57,158,9/5/2023
3,42,134,9/5/2023
9,23,132,9/6/2023
4,47,175,9/6/2023
12,5,183,9/6/2023
3,63,82,9/7/2023
14,20,113,9/7/2023
10,93,112,9/8/2023
3,55,71,9/8/2023
18,90,75,9/8/2023
11,55,105,9/8/2023
11,30,120,9/8/2023
16,17,125,9/9/2023
9,41,26,9/9/2023
8,92,80,9/9/2023
3,40,76,9/9/2023
20,67,53,9/9/2023
20,78,194,9/10/2023
2,41,35,9/10/2023
8,67,101,9/11/2023
20,53,110,9/11/2023
14,65,30,9/11/2023
12,3,40,9/11/2023
10,70,11,9/12/2023
14,95,16,9/12/2023
3,79,153,9/12/2023
16,85,129,9/13/2023
13,98,106,9/14/2023
8,97,80,9/14/2023
4,69,167,9/14/2023
4,68,110,9/15/2023
13,72,155,9/15/2023
19,38,125,9/15/2023
18,85,34,9/15/2023
18,1,11,9/16/2023
15,39,78,9/16/2023
5,15,0,9/16/2023
13,22,37,9/16/2023
1,54,169,9/16/2023
5,19,52,9/17/2023
1,76,135,9/17/2023
9,67,84,9/18/2023
11,76,178,9/18/2023
7,5,137,9/18/2023
16,88,120,9/18/2023
6,81,111,9/18/2023
18,4,64,9/18/2023
4,72,12,9/18/2023
19,91,32,9/19/2023
19,83,155,9/19/2023
14,46,106,9/19/2023
8,18,113,9/19/2023
14,38,12,9/19/2023
8,37,141,9/19/2023
20,60,152,9/20/2023
16,16,122,9/20/2023
2,53,188,9/21/2023
12,18,113,9/21/2023
5,27,73,9/21/2023
15,69,74,9/21/2023
20,8,82,9/21/2023
3,42,64,9/21/2023
9,12,84,9/22/2023
2,27,145,9/22/2023
10,71,153,9/22/2023
1,1,74,9/22/2023
1,79,126,9/22/2023
19,41,46,9/24/2023
3,41,149,9/25/2023
5,92,181,9/25/2023
4,63,61,9/25/2023
15,12,181,9/25/2023
15,79,146,9/26/2023
19,58,176,9/26/2023
10,22,96,9/26/2023
12,32,54,9/27/2023
5,1,33,9/27/2023
6,39,126,9/27/2023
14,42,35,9/28/2023
1,33,201,9/28/2023
4,93,20,9/28/2023
2,29,48,9/29/2023
12,54,116,9/30/2023
10,43,172,9/30/2023
20,86,132,10/1/2023
13,70,85,10/1/2023
1,77,90,10/1/2023
5,47,15,10/1/2023
17,42,71,10/2/2023
5,43,193,10/2/2023
9,99,23,10/2/2023
13,79,117,10/2/2023
6,6,94,10/2/2023
6,31,121,10/2/2023
8,28,172,10/3/2023
3,91,68,10/3/2023
17,4,104,10/3/2023
19,92,2,10/4/2023
14,29,119,10/4/2023
19,4,93,10/4/2023
18,52,162,10/4/2023
15,72,159,10/5/2023
4,69,143,10/5/2023
13,39,2,10/6/2023
6,11,54,10/6/2023
19,65,3,10/7/2023
7,99,18,10/7/2023
16,28,56,10/7/2023
15,68,174,10/7/2023
16,12,126,10/7/2023
5,25,127,10/7/2023
1,46,118,10/7/2023
15,93,59,10/8/2023
12,64,117,10/8/2023
14,23,121,10/9/2023
14,9,143,10/10/2023
9,22,153,10/11/2023
11,86,40,10/12/2023
10,47,176,10/12/2023
9,75,181,10/12/2023
8,26,71,10/12/2023
3,14,73,10/13/2023
8,7,115,10/13/2023
19,19,96,10/13/2023
5,2,27,10/14/2023
10,81,119,10/14/2023
2,86,2,10/14/2023
14,13,24,10/14/2023
7,64,33,10/15/2023
16,4,128,10/15/2023
11,79,169,10/15/2023
7,24,7,10/15/2023
12,48,109,10/16/2023
8,13,122,10/17/2023
18,86,161,10/17/2023
4,53,54,10/17/2023
3,37,8,10/17/2023
4,46,144,10/18/2023
1,65,74,10/18/2023
5,47,147,10/18/2023
7,60,154,10/19/2023
9,20,83,10/19/2023
7,14,27,10/19/2023
1,77,103,10/20/2023
14,81,47,10/20/2023
12,21,2,10/20/2023
1,40,40,10/21/2023
16,97,75,10/22/2023
9,67,123,10/22/2023
17,41,13,10/22/2023
14,14,173,10/22/2023
5,29,51,10/22/2023
9,51,173,10/22/2023
2,20,190,10/23/2023
5,77,140,10/23/2023
9,92,86,10/23/2023
1,26,153,10/23/2023
13,32,139,10/24/2023
3,33,70,10/24/2023
4,60,153,10/24/2023
10,78,73,10/25/2023
6,8,158,10/26/2023
8,68,122,10/26/2023
19,34,75,10/26/2023
12,46,159,10/27/2023
14,24,31,10/27/2023
20,60,19,10/28/2023
11,55,158,10/28/2023
4,9,4,10/29/2023
3,49,1,10/30/2023
16,38,46,10/30/2023
7,36,21,10/30/2023
16,34,16,10/30/2023
11,30,90,10/30/2023
17,22,35,10/30/2023
2,50,76,10/31/2023
17,74,169,10/31/2023
14,49,57,10/31/2023
18,77,37,10/31/2023
8,52,131,10/31/2023
14,33,188,11/2/2023
1,72,67,11/3/2023
11,32,105,11/3/2023
14,25,155,11/3/2023
9,81,139,11/3/2023
15,68,133,11/4/2023
18,24,93,11/4/2023
11,49,165,11/4/2023
8,67,156,11/5/2023
2,48,1,11/5/2023
16,58,92,11/5/2023
9,78,141,11/5/2023
17,17,33,11/5/2023
14,51,23,11/6/2023
2,67,151,11/6/2023
16,74,44,11/6/2023
20,7,70,11/7/2023
11,30,127,11/7/2023
18,77,143,11/7/2023
6,8,77,11/7/2023
2,9,0,11/8/2023
6,16,29,11/8/2023
10,94,12,11/8/2023
7,17,148,11/8/2023
6,69,20,11/9/2023
19,33,54,11/9/2023
6,95,134,11/9/2023
9,12,59,11/10/2023
11,9,182,11/10/2023
11,59,15,11/11/2023
11,30,102,11/11/2023
11,78,171,11/11/2023
13,53,20,11/12/2023
19,14,104,11/13/2023
20,18,77,11/13/2023
3,24,131,11/13/2023
9,66,116,11/13/2023
1,62,52,11/14/2023
11,9,31,11/14/2023
19,82,104,11/14/2023
11,9,185,11/15/2023
4,52,121,11/15/2023
1,18,129,11/15/2023
17,39,19,11/16/2023
12,56,132,11/16/2023
5,18,172,11/17/2023
11,62,70,11/17/2023
4,91,6,11/17/2023
17,94,46,11/17/2023
15,65,180,11/18/2023
7,60,47,11/18/2023
4,91,99,11/19/2023
2,72,146,11/19/2023
9,34,135,11/20/2023
8,52,135,11/20/2023
6,38,22,11/20/2023
2,89,82,11/21/2023
13,70,48,11/21/2023
10,76,141,11/21/2023
14,35,146,11/21/2023
11,49,178,11/22/2023
8,25,113,11/25/2023
15,90,124,11/25/2023
13,29,144,11/27/2023
5,2,103,11/27/2023
8,87,46,11/27/2023
16,32,10,11/27/2023
19,83,62,11/28/2023
17,3,141,11/28/2023
15,65,23,11/28/2023
2,1,169,11/29/2023
7,83,127,11/29/2023
18,17,79,11/29/2023
3,85,149,11/29/2023
10,90,203,11/30/2023
19,62,135,11/30/2023
13,16,25,11/30/2023
4,26,77,11/30/2023
8,36,56,11/30/2023
14,36,146,11/30/2023
14,77,91,12/1/2023
9,19,74,12/1/2023
17,97,56,12/1/2023
8,53,146,12/1/2023
9,26,23,12/2/2023
9,72,177,12/2/2023
18,68,129,12/2/2023
5,59,2,12/3/2023
15,91,177,12/3/2023
6,28,41,12/3/2023
20,31,80,12/3/2023
16,91,106,12/3/2023
5,77,179,12/3/2023
8,55,19,12/4/2023
8,7,41,12/4/2023
16,34,25,12/4/2023
15,23,58,12/4/2023
11,97,116,12/4/2023
19,99,70,12/6/2023
15,54,196,12/6/2023
13,21,85,12/6/2023
1,35,48,12/7/2023
3,14,40,12/7/2023
11,2,70,12/7/2023
7,64,168,12/9/2023
14,61,197,12/9/2023
7,63,62,12/9/2023
4,18,79,12/9/2023
8,86,115,12/10/2023
5,71,33,12/10/2023
16,74,195,12/10/2023
6,87,164,12/11/2023
1,83,62,12/11/2023
16,64,20,12/11/2023
10,23,94,12/11/2023
8,61,164,12/11/2023
15,4,182,12/12/2023
3,34,73,12/13/2023
2,98,200,12/13/2023
1,83,67,12/14/2023
11,1,70,12/14/2023
9,35,67,12/15/2023
2,94,87,12/15/2023
4,1,121,12/16/2023
6,94,34,12/16/2023
8,80,0,12/17/2023
20,63,157,12/18/2023
11,63,43,12/18/2023
15,9,63,12/18/2023
5,33,129,12/18/2023
3,62,7,12/18/2023
3,13,2,12/19/2023
18,51,145,12/19/2023
16,62,140,12/20/2023
19,59,93,12/21/2023
10,66,158,12/21/2023
2,92,98,12/22/2023
11,80,49,12/22/2023
9,99,14,12/23/2023
16,73,93,12/23/2023
18,44,69,12/24/2023
8,86,82,12/25/2023
20,48,44,12/25/2023
17,9,108,12/25/2023
4,49,19,12/26/2023
3,25,109,12/27/2023
8,15,167,12/27/2023
8,82,52,12/27/2023
13,62,139,12/28/2023
10,55,60,12/28/2023
9,3,116,12/28/2023
16,70,111,12/29/2023
3,3,187,12/29/2023
2,22,156,12/29/2023
3,6,46,12/29/2023
3,34,154,12/29/2023
16,6,20,12/30/2023
3,26,108,12/30/2023
1,6,51,12/30/2023
19,72,94,12/30/2023
16,73,28,12/31/2023
14,67,78,1/1/2024
8,56,67,1/1/2024
4,42,65,1/2/2024
6,36,43,1/2/2024
14,32,38,1/2/2024
10,26,124,1/2/2024
15,42,153,1/3/2024
10,18,173,1/3/2024
9,49,19,1/3/2024
8,72,125,1/4/2024
5,75,85,1/4/2024
7,41,129,1/4/2024
9,78,124,1/5/2024
16,48,67,1/6/2024
6,88,120,1/6/2024
5,53,165,1/6/2024
20,81,163,1/7/2024
7,100,151,1/7/2024
7,59,12,1/8/2024
17,81,167,1/9/2024
8,26,102,1/9/2024
10,78,125,1/10/2024
12,56,161,1/10/2024
16,89,112,1/11/2024
19,28,82,1/12/2024
11,73,74,1/12/2024
5,40,119,1/12/2024
18,86,139,1/12/2024
10,75,45,1/13/2024
13,39,76,1/14/2024
17,84,86,1/14/2024
2,53,94,1/15/2024
15,87,54,1/15/2024
8,75,37,1/15/2024
15,100,101,1/16/2024
8,74,170,1/17/2024
2,20,111,1/17/2024
15,13,27,1/17/2024
6,66,145,1/17/2024
9,24,177,1/17/2024
18,39,142,1/18/2024
18,42,115,1/18/2024
7,12,167,1/18/2024
10,29,202,1/19/2024
4,92,118,1/19/2024
5,12,98,1/19/2024
2,99,172,1/19/2024
16,57,157,1/19/2024
13,99,50,1/19/2024
11,32,88,1/19/2024
14,35,14,1/21/2024
10,39,79,1/21/2024
6,53,114,1/21/2024
15,79,75,1/22/2024
3,28,78,1/22/2024
20,26,59,1/23/2024
7,16,7,1/23/2024
13,13,51,1/23/2024
17,59,54,1/24/2024
10,48,13,1/24/2024
9,14,59,1/24/2024
20,96,190,1/25/2024
18,84,103,1/25/2024
12,20,9,1/25/2024
16,80,179,1/25/2024
6,63,58,1/25/2024
4,88,58,1/26/2024
18,80,104,1/27/2024
9,9,21,1/27/2024
5,91,10,1/27/2024
3,14,54,1/27/2024
8,33,58,1/28/2024
13,71,173,1/28/2024
3,25,126,1/28/2024
9,34,122,1/28/2024
7,14,142,1/29/2024
9,34,126,1/29/2024
17,29,47,1/29/2024
14,75,114,1/30/2024
16,92,159,1/30/2024
4,74,68,1/30/2024
18,93,174,1/31/2024
4,95,166,1/31/2024
20,73,159,1/31/2024
5,48,123,1/31/2024
1,47,171,2/1/2024
8,84,34,2/1/2024
17,88,49,2/1/2024
17,94,7,2/1/2024
4,96,75,2/1/2024
10,95,8,2/2/2024
1,20,109,2/2/2024
15,17,18,2/3/2024
2,75,47,2/3/2024
3,14,14,2/4/2024
16,62,81,2/4/2024
6,34,87,2/5/2024
3,77,147,2/5/2024
3,17,56,2/5/2024
19,51,105,2/5/2024
3,13,47,2/6/2024
2,77,74,2/6/2024
17,26,47,2/6/2024
16,90,14,2/7/2024
4,61,143,2/7/2024
16,93,41,2/8/2024
18,34,15,2/9/2024
5,45,58,2/9/2024
8,41,201,2/10/2024
4,72,132,2/10/2024
13,80,33,2/10/2024
19,75,136,2/10/2024
20,1,75,2/10/2024
3,41,138,2/10/2024
17,25,17,2/10/2024
15,43,19,2/11/2024
17,54,112,2/11/2024
18,58,65,2/12/2024
7,36,45,2/12/2024
15,77,56,2/12/2024
3,14,110,2/12/2024
5,65,21,2/12/2024
7,63,95,2/13/2024
16,42,26,2/13/2024
7,65,85,2/13/2024
15,97,75,2/13/2024
14,94,59,2/14/2024
15,47,69,2/14/2024
16,45,58,2/15/2024
14,40,128,2/16/2024
15,10,66,2/16/2024
19,95,77,2/16/2024
14,4,64,2/16/2024
9,14,101,2/16/2024
11,31,70,2/17/2024
20,89,140,2/17/2024
3,45,188,2/17/2024
12,12,24,2/18/2024
4,64,111,2/18/2024
19,42,101,2/19/2024
12,59,69,2/19/2024
9,7,37,2/19/2024
16,85,19,2/20/2024
19,64,172,2/20/2024
3,90,93,2/20/2024
8,93,126,2/21/2024
7,16,52,2/21/2024
12,89,90,2/22/2024
9,5,148,2/22/2024
3,65,151,2/22/2024
4,46,137,2/23/2024
15,16,74,2/23/2024
20,68,85,2/24/2024
8,47,5,2/25/2024
20,60,109,2/25/2024
14,87,144,2/26/2024
2,67,167,2/26/2024
6,50,140,2/26/2024
15,20,92,2/26/2024
20,81,46,2/27/2024
20,73,163,2/28/2024
6,13,38,2/28/2024
10,68,87,2/28/2024
8,36,22,2/28/2024
17,16,155,3/1/2024
12,63,109,3/2/2024
12,20,91,3/2/2024
20,60,4,3/2/2024
9,58,1,3/3/2024
20,43,118,3/4/2024
10,64,150,3/4/2024
5,72,26,3/6/2024
11,32,145,3/6/2024
12,5,150,3/6/2024
19,32,122,3/6/2024
6,79,45,3/6/2024
12,86,100,3/6/2024
20,90,101,3/6/2024
4,99,205,3/7/2024
3,14,101,3/7/2024
7,40,40,3/8/2024
4,83,170,3/9/2024
7,35,64,3/9/2024
13,72,132,3/9/2024
19,91,187,3/10/2024
16,30,192,3/10/2024
10,15,46,3/11/2024
12,73,99,3/11/2024
7,47,185,3/11/2024
5,25,151,3/11/2024
4,52,62,3/13/2024
1,57,75,3/13/2024
13,32,26,3/13/2024
12,61,44,3/14/2024
13,47,22,3/15/2024
3,36,104,3/16/2024
6,94,95,3/16/2024
4,18,33,3/16/2024
13,82,15,3/17/2024
7,18,88,3/17/2024
20,2,193,3/17/2024
16,10,85,3/17/2024
5,16,65,3/17/2024
20,8,34,3/18/2024
16,36,9,3/18/2024
9,5,110,3/18/2024
8,41,85,3/18/2024
1,44,147,3/19/2024
11,91,10,3/19/2024
5,5,146,3/19/2024
17,98,37,3/20/2024
2,94,41,3/20/2024
20,25,179,3/20/2024
20,69,134,3/20/2024
14,30,19,3/20/2024
10,70,93,3/21/2024
19,81,94,3/21/2024
15,96,183,3/22/2024
6,66,194,3/22/2024
16,49,54,3/22/2024
16,25,22,3/23/2024
9,49,111,3/23/2024
11,50,49,3/24/2024
12,69,29,3/24/2024
3,31,60,3/24/2024
18,9,174,3/25/2024
15,65,134,3/25/2024
14,100,115,3/25/2024
18,18,65,3/25/2024
5,15,142,3/26/2024
17,97,60,3/26/2024
11,79,88,3/26/2024
4,6,56,3/27/2024
4,91,54,3/27/2024
5,40,116,3/27/2024
17,77,146,3/27/2024
20,89,97,3/27/2024
5,85,142,3/28/2024
8,9,183,3/28/2024
4,57,29,3/29/2024
2,75,88,3/29/2024
16,70,160,3/29/2024
15,92,73,3/29/2024
5,15,37,3/29/2024
7,72,32,3/29/2024
14,53,153,3/30/2024
19,31,105,3/31/2024
7,51,121,4/1/2024
6,28,69,4/1/2024
13,79,208,4/2/2024
10,2,174,4/2/2024
18,5,125,4/2/2024
8,41,152,4/3/2024
18,75,37,4/4/2024
18,49,153,4/4/2024
11,97,86,4/4/2024
19,81,175,4/5/2024
20,92,78,4/8/2024
16,64,30,4/8/2024
2,14,55,4/8/2024
4,70,41,4/9/2024
17,42,30,4/9/2024
12,71,36,4/10/2024
19,88,75,4/10/2024
13,30,133,4/10/2024
19,96,70,4/12/2024
12,42,26,4/12/2024
12,12,165,4/12/2024
11,59,113,4/13/2024
4,8,30,4/14/2024
6,80,170,4/14/2024
8,50,150,4/14/2024
14,59,205,4/15/2024
20,93,150,4/15/2024
19,68,179,4/15/2024
11,37,95,4/17/2024
12,54,50,4/17/2024
14,81,21,4/17/2024
20,82,37,4/17/2024
9,90,51,4/19/2024
19,21,6,4/19/2024
16,42,109,4/19/2024
17,19,25,4/20/2024
19,59,120,4/20/2024
13,32,24,4/20/2024
8,5,20,4/20/2024
9,73,134,4/21/2024
13,56,77,4/21/2024
5,75,186,4/21/2024
5,14,15,4/22/2024
4,27,70,4/22/2024
4,26,187,4/22/2024
3,5,171,4/22/2024
18,92,143,4/22/2024
17,69,50,4/22/2024
19,53,47,4/23/2024
20,69,205,4/23/2024
7,40,150,4/24/2024
18,74,154,4/24/2024
19,35,164,4/24/2024
3,87,0,4/25/2024
8,46,97,4/25/2024
13,23,168,4/25/2024
10,13,94,4/25/2024
4,55,74,4/25/2024
5,43,60,4/26/2024
14,72,146,4/27/2024
7,90,8,4/27/2024
20,32,93,4/28/2024
6,29,136,4/28/2024
16,93,97,4/28/2024
11,63,93,4/29/2024
6,90,101,4/29/2024
20,33,141,4/29/2024
1,67,34,4/30/2024
7,22,169,4/30/2024
6,78,55,4/30/2024
3,74,22,5/1/2024
10,2,50,5/1/2024
12,35,64,5/1/2024
6,2,9,5/1/2024
17,24,7,5/1/2024
1,50,76,5/2/2024
20,39,157,5/2/2024
7,84,85,5/3/2024
11,67,10,5/3/2024
20,17,93,5/5/2024
14,95,60,5/5/2024
9,93,80,5/6/2024
6,15,7,5/6/2024
6,88,33,5/6/2024
1,69,8,5/6/2024
12,1,124,5/6/2024
9,76,186,5/6/2024
17,4,32,5/7/2024
8,89,79,5/7/2024
7,29,82,5/7/2024
1,97,27,5/8/2024
9,91,55,5/9/2024
16,45,54,5/9/2024
12,13,54,5/9/2024
17,9,156,5/9/2024
11,26,2,5/9/2024
7,96,146,5/10/2024
5,44,154,5/10/2024
11,88,179,5/10/2024
3,43,167,5/11/2024
18,96,116,5/11/2024
20,13,3,5/11/2024
14,13,166,5/12/2024
12,59,52,5/14/2024
15,44,38,5/14/2024
3,26,32,5/14/2024
3,16,94,5/15/2024
17,37,173,5/15/2024
1,68,136,5/15/2024
2,81,77,5/16/2024
11,94,178,5/17/2024
2,12,125,5/17/2024
14,82,197,5/17/2024
19,64,135,5/18/2024
7,74,184,5/18/2024
3,78,28,5/18/2024
16,37,156,5/18/2024
19,65,160,5/18/2024
7,44,148,5/19/2024
3,50,180,5/19/2024
14,75,186,5/19/2024
20,84,36,5/20/2024
1,66,157,5/20/2024
18,2,132,5/21/2024
3,92,162,5/21/2024
12,19,123,5/22/2024
15,1,106,5/22/2024
3,44,100,5/23/2024
6,10,26,5/23/2024
4,9,185,5/23/2024
7,44,30,5/23/2024
11,99,170,5/24/2024
19,2,17,5/24/2024
4,4,165,5/25/2024
12,42,86,5/25/2024
3,38,66,5/25/2024
13,39,143,5/26/2024
3,3,128,5/26/2024
3,59,133,5/26/2024
20,82,153,5/27/2024
1,32,88,5/27/2024
5,51,8,5/27/2024
17,89,135,5/29/2024
11,66,129,5/30/2024
14,5,118,5/30/2024
12,23,32,5/30/2024
3,76,46,6/1/2024
20,5,10,6/1/2024
3,52,53,6/2/2024
1,50,37,6/2/2024
11,43,3,6/2/2024
11,86,72,6/2/2024
9,22,59,6/3/2024
14,44,117,6/3/2024
3,68,194,6/3/2024
19,43,71,6/3/2024
9,18,65,6/3/2024
1,44,53,6/3/2024
15,100,192,6/3/2024
1,59,150,6/4/2024
15,47,121,6/4/2024
1,28,24,6/4/2024
16,38,133,6/5/2024
10,99,10,6/5/2024
19,12,121,6/6/2024
8,10,22,6/6/2024
6,41,194,6/6/2024
16,18,181,6/6/2024
15,92,109,6/7/2024
4,57,143,6/7/2024
17,34,12,6/7/2024
7,16,2,6/8/2024
20,74,94,6/8/2024
18,63,184,6/8/2024
8,93,43,6/9/2024
5,31,192,6/9/2024
5,98,6,6/9/2024
13,71,108,6/9/2024
6,49,30,6/10/2024
8,94,148,6/10/2024
11,90,181,6/11/2024
7,54,162,6/11/2024
15,51,165,6/12/2024
7,49,157,6/13/2024
17,48,66,6/13/2024
5,13,185,6/13/2024
1,57,124,6/13/2024
10,26,102,6/13/2024
7,57,85,6/14/2024
10,33,83,6/16/2024
2,16,122,6/17/2024
18,65,180,6/17/2024
20,67,130,6/17/2024
18,51,196,6/18/2024
9,83,146,6/18/2024
7,96,75,6/18/2024
13,1,81,6/18/2024
6,50,73,6/19/2024
20,59,144,6/20/2024
16,71,61,6/21/2024
13,50,124,6/21/2024
14,50,90,6/22/2024
19,1,24,6/22/2024
1,96,19,6/22/2024
20,61,70,6/23/2024
15,19,21,6/23/2024
4,16,52,6/24/2024
9,10,86,6/25/2024
18,76,136,6/25/2024
14,16,56,6/25/2024
12,33,169,6/25/2024
7,95,52,6/26/2024
7,52,91,6/26/2024
7,49,155,6/27/2024
16,6,103,6/27/2024
1,91,180,6/27/2024
16,60,95,6/28/2024
17,44,82,6/28/2024
13,19,2,6/28/2024
1,47,109,6/28/2024
20,61,8,6/29/2024
1,70,134,6/29/2024
15,19,30,6/30/2024
2,100,87,6/30/2024
4,23,1,7/1/2024
4,84,197,7/1/2024
11,51,161,7/1/2024
20,90,25,7/2/2024
5,91,21,7/2/2024
4,81,145,7/3/2024
3,40,182,7/3/2024
2,87,120,7/3/2024
12,73,186,7/5/2024
15,32,75,7/6/2024
1,15,63,7/6/2024
5,92,186,7/6/2024
5,80,159,7/6/2024
14,87,98,7/6/2024
5,41,12,7/6/2024
12,8,186,7/7/2024
10,33,2,7/7/2024
18,32,18,7/8/2024
16,70,48,7/8/2024
3,75,29,7/9/2024
14,75,193,7/9/2024
12,80,76,7/10/2024
15,53,136,7/10/2024
10,27,113,7/11/2024
3,95,127,7/12/2024
10,92,200,7/12/2024
10,44,2,7/12/2024
9,6,183,7/12/2024
18,14,173,7/13/2024
5,85,95,7/13/2024
2,3,11,7/13/2024
17,79,2,7/15/2024
16,47,6,7/15/2024
10,88,93,7/16/2024
16,66,112,7/16/2024
10,92,45,7/16/2024
15,21,15,7/16/2024
20,37,178,7/17/2024
19,22,112,7/17/2024
7,63,57,7/18/2024
10,78,109,7/18/2024
9,17,118,7/19/2024
4,13,109,7/19/2024
16,36,86,7/19/2024
7,51,50,7/19/2024
12,75,165,7/19/2024
11,10,87,7/19/2024
9,33,75,7/19/2024
20,81,27,7/20/2024
14,27,106,7/20/2024
6,13,76,7/21/2024
4,63,105,7/21/2024
17,4,99,7/21/2024
5,97,33,7/22/2024
20,98,187,7/22/2024
5,4,77,7/23/2024
20,85,147,7/23/2024
7,96,157,7/23/2024
18,45,115,7/24/2024
19,78,192,7/24/2024
8,27,195,7/24/2024
1,42,43,7/24/2024
13,35,154,7/24/2024
3,20,151,7/25/2024
11,85,129,7/25/2024
18,76,87,7/25/2024
10,90,39,7/25/2024
17,71,200,7/26/2024
10,90,86,7/26/2024
4,76,94,7/26/2024
19,45,14,7/26/2024
15,50,67,7/27/2024
5,15,10,7/28/2024
14,82,113,7/29/2024
13,100,148,7/29/2024
20,5,118,7/29/2024
20,53,147,7/30/2024
5,7,77,7/30/2024
17,8,69,7/31/2024
18,6,166,7/31/2024
20,55,90,7/31/2024
15,21,36,7/31/2024
8,61,50,7/31/2024
8,70,8,7/31/2024
6,26,19,7/31/2024
20,23,36,8/1/2024
4,94,30,8/1/2024
11,36,165,8/1/2024
9,67,108,8/2/2024
10,56,193,8/2/2024
8,96,32,8/2/2024
14,18,86,8/2/2024
14,68,148,8/2/2024
9,18,2,8/2/2024
9,74,30,8/2/2024
4,9,146,8/3/2024
9,87,69,8/3/2024
5,73,33,8/3/2024
11,64,37,8/4/2024
9,67,126,8/4/2024
12,65,184,8/4/2024
6,67,30,8/5/2024
18,20,167,8/5/2024
18,6,120,8/6/2024
15,68,68,8/6/2024
1,36,194,8/6/2024
18,22,138,8/6/2024
13,25,106,8/6/2024
10,81,122,8/6/2024
14,40,63,8/6/2024
18,54,114,8/7/2024
8,35,182,8/7/2024
13,97,102,8/7/2024
16,38,59,8/8/2024
6,57,10,8/8/2024
19,5,161,8/9/2024
17,10,136,8/9/2024
13,85,12,8/10/2024
17,46,82,8/10/2024
11,13,196,8/10/2024
20,4,150,8/10/2024
6,26,108,8/11/2024
11,80,131,8/11/2024
3,17,63,8/11/2024
15,74,46,8/12/2024
9,57,43,8/12/2024
6,86,170,8/13/2024
1,4,70,8/13/2024
7,57,102,8/13/2024
13,95,118,8/13/2024
7,29,132,8/15/2024
18,87,129,8/15/2024
6,55,19,8/16/2024
2,93,106,8/16/2024
2,60,67,8/17/2024
2,4,108,8/17/2024
1,88,16,8/18/2024
12,75,114,8/18/2024
19,8,120,8/18/2024
15,54,58,8/18/2024
13,50,157,8/18/2024
8,63,49,8/18/2024
8,62,34,8/18/2024
4,16,26,8/19/2024
11,37,33,8/19/2024
9,3,14,8/19/2024
16,96,46,8/20/2024
7,95,61,8/21/2024
4,52,137,8/21/2024
13,77,132,8/22/2024
15,81,62,8/22/2024
17,61,23,8/23/2024
14,12,84,8/23/2024
11,61,176,8/23/2024
12,9,36,8/24/2024
2,16,140,8/25/2024
16,79,140,8/25/2024
13,91,121,8/25/2024
7,20,84,8/25/2024
12,78,8,8/26/2024
6,39,40,8/26/2024
3,58,29,8/27/2024
11,74,90,8/28/2024
1,68,24,8/29/2024
17,37,9,8/29/2024
18,83,115,8/29/2024
14,3,173,8/29/2024
9,86,30,8/29/2024
7,60,198,8/29/2024
19,24,83,8/30/2024
13,3,0,8/30/2024
17,84,160,8/30/2024
14,32,89,8/30/2024
8,97,74,8/30/2024
11,40,167,8/31/2024
9,74,78,8/31/2024
9,94,151,9/1/2024
15,68,28,9/1/2024
1,72,1,9/1/2024
6,12,112,9/2/2024
9,90,195,9/3/2024
16,8,173,9/3/2024
3,32,2,9/3/2024
4,11,17,9/3/2024
2,58,68,9/4/2024
12,94,43,9/4/2024
19,31,4,9/4/2024
3,42,148,9/5/2024
7,57,152,9/5/2024
12,17,48,9/5/2024
12,5,176,9/6/2024
4,47,172,9/6/2024
9,23,145,9/6/2024
14,20,115,9/7/2024
3,63,87,9/7/2024
11,30,134,9/8/2024
18,90,82,9/8/2024
10,93,119,9/8/2024
3,55,81,9/8/2024
11,55,115,9/8/2024
20,67,57,9/9/2024
9,41,30,9/9/2024
3,40,81,9/9/2024
16,17,126,9/9/2024
8,92,90,9/9/2024
2,41,41,9/10/2024
20,78,197,9/10/2024
12,3,41,9/11/2024
8,67,108,9/11/2024
20,53,126,9/11/2024
14,65,32,9/11/2024
10,70,12,9/12/2024
14,95,17,9/12/2024
3,79,154,9/12/2024
16,85,127,9/13/2024
4,69,180,9/14/2024
8,97,93,9/14/2024
13,98,121,9/14/2024
19,38,127,9/15/2024
13,72,150,9/15/2024
4,68,126,9/15/2024
18,85,36,9/15/2024
18,1,12,9/16/2024
13,22,40,9/16/2024
15,39,75,9/16/2024
5,15,0,9/16/2024
1,54,189,9/16/2024
5,19,55,9/17/2024
1,76,142,9/17/2024
7,5,154,9/18/2024
16,88,123,9/18/2024
9,67,82,9/18/2024
11,76,199,9/18/2024
18,4,66,9/18/2024
6,81,112,9/18/2024
4,72,13,9/18/2024
19,83,166,9/19/2024
14,38,13,9/19/2024
8,18,118,9/19/2024
14,46,110,9/19/2024
8,37,160,9/19/2024
19,91,35,9/19/2024
16,16,118,9/20/2024
20,60,153,9/20/2024
15,69,77,9/21/2024
5,27,71,9/21/2024
12,18,112,9/21/2024
20,8,88,9/21/2024
3,42,73,9/21/2024
2,53,196,9/21/2024
1,79,127,9/22/2024
1,1,73,9/22/2024
2,27,160,9/22/2024
9,12,86,9/22/2024
10,71,172,9/22/2024
19,41,46,9/24/2024
15,12,191,9/25/2024
4,63,64,9/25/2024
5,92,198,9/25/2024
3,41,167,9/25/2024
15,79,143,9/26/2024
10,22,111,9/26/2024
19,58,185,9/26/2024
12,32,55,9/27/2024
5,1,32,9/27/2024
6,39,143,9/27/2024
4,93,23,9/28/2024
14,42,38,9/28/2024
1,33,200,9/28/2024
2,29,48,9/29/2024
12,54,114,9/30/2024
10,43,175,9/30/2024
20,86,147,10/1/2024
5,47,17,10/1/2024
1,77,102,10/1/2024
13,70,84,10/1/2024
13,79,130,10/2/2024
6,6,110,10/2/2024
17,42,76,10/2/2024
9,99,24,10/2/2024
6,31,118,10/2/2024
5,43,189,10/2/2024
8,28,174,10/3/2024
3,91,76,10/3/2024
17,4,109,10/3/2024
19,92,2,10/4/2024
19,4,102,10/4/2024
14,29,138,10/4/2024
18,52,157,10/4/2024
4,69,142,10/5/2024
15,72,160,10/5/2024
6,11,62,10/6/2024
13,39,2,10/6/2024
1,46,136,10/7/2024
15,68,168,10/7/2024
19,65,3,10/7/2024
16,12,146,10/7/2024
16,28,65,10/7/2024
5,25,122,10/7/2024
7,99,18,10/7/2024
12,64,131,10/8/2024
15,93,61,10/8/2024
14,23,118,10/9/2024
14,9,165,10/10/2024
9,22,160,10/11/2024
11,86,46,10/12/2024
8,26,74,10/12/2024
10,47,173,10/12/2024
9,75,185,10/12/2024
19,19,95,10/13/2024
8,7,115,10/13/2024
3,14,79,10/13/2024
10,81,116,10/14/2024
2,86,2,10/14/2024
5,2,31,10/14/2024
14,13,23,10/14/2024
16,4,141,10/15/2024
7,24,7,10/15/2024
7,64,34,10/15/2024
11,79,178,10/15/2024
12,48,127,10/16/2024
18,86,168,10/17/2024
4,53,63,10/17/2024
3,37,9,10/17/2024
8,13,117,10/17/2024
4,46,141,10/18/2024
5,47,142,10/18/2024
1,65,83,10/18/2024
7,60,148,10/19/2024
9,20,95,10/19/2024
7,14,31,10/19/2024
14,81,55,10/20/2024
12,21,2,10/20/2024
1,77,110,10/20/2024
1,40,42,10/21/2024
16,97,82,10/22/2024
17,41,15,10/22/2024
14,14,173,10/22/2024
5,29,55,10/22/2024
9,67,139,10/22/2024
9,51,171,10/22/2024
1,26,175,10/23/2024
9,92,90,10/23/2024
2,20,193,10/23/2024
5,77,146,10/23/2024
4,60,156,10/24/2024
13,32,146,10/24/2024
3,33,80,10/24/2024
10,78,82,10/25/2024
6,8,168,10/26/2024
19,34,72,10/26/2024
8,68,121,10/26/2024
12,46,169,10/27/2024
14,24,35,10/27/2024
20,60,22,10/28/2024
11,55,173,10/28/2024
4,9,4,10/29/2024
16,38,52,10/30/2024
16,34,16,10/30/2024
3,49,1,10/30/2024
17,22,40,10/30/2024
11,30,101,10/30/2024
7,36,20,10/30/2024
18,77,36,10/31/2024
8,52,136,10/31/2024
17,74,191,10/31/2024
14,49,57,10/31/2024
2,50,74,10/31/2024
14,33,183,11/2/2024
1,72,67,11/3/2024
9,81,160,11/3/2024
11,32,102,11/3/2024
14,25,165,11/3/2024
18,24,94,11/4/2024
15,68,143,11/4/2024
11,49,176,11/4/2024
16,58,100,11/5/2024
8,67,166,11/5/2024
17,17,35,11/5/2024
9,78,155,11/5/2024
2,48,1,11/5/2024
14,51,25,11/6/2024
2,67,153,11/6/2024
16,74,49,11/6/2024
11,30,136,11/7/2024
20,7,75,11/7/2024
6,8,88,11/7/2024
18,77,143,11/7/2024
2,9,0,11/8/2024
7,17,145,11/8/2024
10,94,12,11/8/2024
6,16,29,11/8/2024
6,95,146,11/9/2024
19,33,55,11/9/2024
6,69,21,11/9/2024
11,9,191,11/10/2024
9,12,58,11/10/2024
11,78,176,11/11/2024
11,30,119,11/11/2024
11,59,15,11/11/2024
13,53,21,11/12/2024
20,18,89,11/13/2024
19,14,109,11/13/2024
9,66,124,11/13/2024
3,24,146,11/13/2024
1,62,60,11/14/2024
19,82,120,11/14/2024
11,9,34,11/14/2024
4,52,138,11/15/2024
11,9,190,11/15/2024
1,18,147,11/15/2024
17,39,21,11/16/2024
12,56,127,11/16/2024
5,18,178,11/17/2024
11,62,77,11/17/2024
17,94,45,11/17/2024
4,91,6,11/17/2024
7,60,54,11/18/2024
15,65,187,11/18/2024
2,72,143,11/19/2024
4,91,97,11/19/2024
6,38,23,11/20/2024
9,34,141,11/20/2024
8,52,156,11/20/2024
13,70,54,11/21/2024
10,76,152,11/21/2024
14,35,170,11/21/2024
2,89,85,11/21/2024
11,49,198,11/22/2024
15,90,127,11/25/2024
8,25,111,11/25/2024
8,87,53,11/27/2024
13,29,143,11/27/2024
16,32,10,11/27/2024
5,2,111,11/27/2024
15,65,23,11/28/2024
19,83,63,11/28/2024
17,3,141,11/28/2024
18,17,82,11/29/2024
3,85,170,11/29/2024
7,83,133,11/29/2024
2,1,188,11/29/2024
19,62,152,11/30/2024
14,36,165,11/30/2024
10,90,195,11/30/2024
8,36,63,11/30/2024
13,16,26,11/30/2024
4,26,76,11/30/2024
17,97,55,12/1/2024
14,77,102,12/1/2024
8,53,145,12/1/2024
9,19,75,12/1/2024
9,26,24,12/2/2024
18,68,125,12/2/2024
9,72,197,12/2/2024
16,91,108,12/3/2024
5,59,2,12/3/2024
5,77,192,12/3/2024
6,28,42,12/3/2024
15,91,183,12/3/2024
20,31,92,12/3/2024
8,55,21,12/4/2024
8,7,46,12/4/2024
15,23,56,12/4/2024
16,34,27,12/4/2024
11,97,128,12/4/2024
15,54,196,12/6/2024
19,99,73,12/6/2024
13,21,96,12/6/2024
3,14,45,12/7/2024
11,2,81,12/7/2024
1,35,53,12/7/2024
7,63,67,12/9/2024
7,64,192,12/9/2024
4,18,82,12/9/2024
14,61,199,12/9/2024
16,74,187,12/10/2024
5,71,34,12/10/2024
8,86,111,12/10/2024
6,87,189,12/11/2024
1,83,69,12/11/2024
8,61,181,12/11/2024
16,64,22,12/11/2024
10,23,103,12/11/2024
15,4,190,12/12/2024
3,34,75,12/13/2024
2,98,199,12/13/2024
11,1,79,12/14/2024
1,83,70,12/14/2024
2,94,83,12/15/2024
9,35,78,12/15/2024
6,94,40,12/16/2024
4,1,133,12/16/2024
8,80,0,12/17/2024
15,9,64,12/18/2024
20,63,168,12/18/2024
3,62,7,12/18/2024
11,63,49,12/18/2024
5,33,124,12/18/2024
18,51,151,12/19/2024
3,13,2,12/19/2024
16,62,154,12/20/2024
19,59,99,12/21/2024
10,66,161,12/21/2024
2,92,108,12/22/2024
11,80,49,12/22/2024
9,99,14,12/23/2024
16,73,92,12/23/2024
18,44,76,12/24/2024
20,48,51,12/25/2024
8,86,93,12/25/2024
17,9,115,12/25/2024
4,49,19,12/26/2024
8,82,54,12/27/2024
8,15,169,12/27/2024
3,25,117,12/27/2024
9,3,111,12/28/2024
10,55,63,12/28/2024
13,62,147,12/28/2024
2,22,160,12/29/2024
3,34,180,12/29/2024
3,6,46,12/29/2024
16,70,115,12/29/2024
3,3,198,12/29/2024
1,6,49,12/30/2024
16,6,21,12/30/2024
3,26,113,12/30/2024
19,72,94,12/30/2024
16,73,29,12/31/2024
14,67,81,1/1/2025
8,56,65,1/1/2025
4,42,67,1/2/2025
6,36,46,1/2/2025
10,26,137,1/2/2025
14,32,41,1/2/2025
9,49,20,1/3/2025
15,42,159,1/3/2025
10,18,171,1/3/2025
5,75,82,1/4/2025
7,41,126,1/4/2025
8,72,122,1/4/2025
9,78,137,1/5/2025
5,53,180,1/6/2025
6,88,136,1/6/2025
16,48,67,1/6/2025
20,81,168,1/7/2025
7,100,169,1/7/2025
7,59,12,1/8/2025
17,81,178,1/9/2025
8,26,98,1/9/2025
12,56,161,1/10/2025
10,78,125,1/10/2025
16,89,117,1/11/2025
5,40,128,1/12/2025
11,73,73,1/12/2025
18,86,140,1/12/2025
19,28,88,1/12/2025
10,75,44,1/13/2025
13,39,88,1/14/2025
17,84,84,1/14/2025
15,87,62,1/15/2025
8,75,38,1/15/2025
2,53,102,1/15/2025
15,100,110,1/16/2025
15,13,30,1/17/2025
9,24,195,1/17/2025
2,20,112,1/17/2025
8,74,174,1/17/2025
6,66,168,1/17/2025
18,39,146,1/18/2025
7,12,176,1/18/2025
18,42,112,1/18/2025
16,57,178,1/19/2025
2,99,194,1/19/2025
4,92,136,1/19/2025
10,29,200,1/19/2025
11,32,86,1/19/2025
13,99,54,1/19/2025
5,12,104,1/19/2025
6,53,113,1/21/2025
14,35,14,1/21/2025
10,39,78,1/21/2025
15,79,79,1/22/2025
3,28,86,1/22/2025
20,26,62,1/23/2025
7,16,7,1/23/2025
13,13,60,1/23/2025
10,48,13,1/24/2025
17,59,56,1/24/2025
9,14,56,1/24/2025
20,96,182,1/25/2025
18,84,102,1/25/2025
6,63,58,1/25/2025
16,80,188,1/25/2025
12,20,9,1/25/2025
4,88,60,1/26/2025
5,91,10,1/27/2025
3,14,54,1/27/2025
18,80,101,1/27/2025
9,9,23,1/27/2025
8,33,61,1/28/2025
3,25,127,1/28/2025
9,34,134,1/28/2025
13,71,177,1/28/2025
7,14,137,1/29/2025
9,34,130,1/29/2025
17,29,48,1/29/2025
14,75,125,1/30/2025
4,74,78,1/30/2025
16,92,158,1/30/2025
20,73,171,1/31/2025
5,48,128,1/31/2025
4,95,184,1/31/2025
18,93,185,1/31/2025
17,94,7,2/1/2025
1,47,198,2/1/2025
8,84,34,2/1/2025
17,88,56,2/1/2025
4,96,80,2/1/2025
1,20,109,2/2/2025
10,95,8,2/2/2025
2,75,49,2/3/2025
15,17,17,2/3/2025
16,62,82,2/4/2025
3,14,15,2/4/2025
6,34,95,2/5/2025
19,51,114,2/5/2025
3,77,146,2/5/2025
3,17,61,2/5/2025
3,13,51,2/6/2025
2,77,80,2/6/2025
17,26,45,2/6/2025
16,90,16,2/7/2025
4,61,141,2/7/2025
16,93,41,2/8/2025
5,45,59,2/9/2025
18,34,15,2/9/2025
13,80,35,2/10/2025
3,41,147,2/10/2025
4,72,153,2/10/2025
20,1,75,2/10/2025
8,41,199,2/10/2025
17,25,17,2/10/2025
19,75,153,2/10/2025
15,43,19,2/11/2025
17,54,127,2/11/2025
7,36,47,2/12/2025
5,65,20,2/12/2025
15,77,54,2/12/2025
3,14,113,2/12/2025
18,58,69,2/12/2025
7,63,95,2/13/2025
7,65,99,2/13/2025
16,42,26,2/13/2025
15,97,76,2/13/2025
14,94,65,2/14/2025
15,47,78,2/14/2025
16,45,57,2/15/2025
15,10,76,2/16/2025
14,4,65,2/16/2025
14,40,124,2/16/2025
9,14,111,2/16/2025
19,95,81,2/16/2025
3,45,186,2/17/2025
11,31,72,2/17/2025
20,89,138,2/17/2025
12,12,27,2/18/2025
4,64,118,2/18/2025
19,42,107,2/19/2025
9,7,43,2/19/2025
12,59,75,2/19/2025
16,85,22,2/20/2025
19,64,177,2/20/2025
3,90,98,2/20/2025
7,16,56,2/21/2025
8,93,127,2/21/2025
12,89,91,2/22/2025
9,5,145,2/22/2025
3,65,154,2/22/2025
4,46,147,2/23/2025
15,16,74,2/23/2025
20,68,90,2/24/2025
20,60,124,2/25/2025
8,47,5,2/25/2025
15,20,105,2/26/2025
14,87,166,2/26/2025
2,67,194,2/26/2025
6,50,135,2/26/2025
20,81,48,2/27/2025
20,73,166,2/28/2025
8,36,22,2/28/2025
10,68,90,2/28/2025
6,13,37,2/28/2025
17,16,154,3/1/2025
12,63,121,3/2/2025
20,60,4,3/2/2025
12,20,100,3/2/2025
9,58,1,3/3/2025
20,43,128,3/4/2025
10,64,167,3/4/2025
19,32,128,3/6/2025
20,90,116,3/6/2025
5,72,28,3/6/2025
12,5,169,3/6/2025
6,79,46,3/6/2025
12,86,102,3/6/2025
11,32,166,3/6/2025
3,14,116,3/7/2025
4,99,199,3/7/2025
7,40,44,3/8/2025
13,72,147,3/9/2025
7,35,64,3/9/2025
4,83,177,3/9/2025
19,91,188,3/10/2025
16,30,197,3/10/2025
7,47,193,3/11/2025
10,15,45,3/11/2025
12,73,100,3/11/2025
5,25,173,3/11/2025
1,57,78,3/13/2025
13,32,25,3/13/2025
4,52,72,3/13/2025
12,61,44,3/14/2025
13,47,25,3/15/2025
6,94,96,3/16/2025
4,18,34,3/16/2025
3,36,104,3/16/2025
16,10,86,3/17/2025
20,2,199,3/17/2025
13,82,16,3/17/2025
7,18,84,3/17/2025
5,16,63,3/17/2025
20,8,35,3/18/2025
8,41,94,3/18/2025
9,5,124,3/18/2025
16,36,10,3/18/2025
1,44,149,3/19/2025
5,5,159,3/19/2025
11,91,10,3/19/2025
20,69,139,3/20/2025
14,30,18,3/20/2025
2,94,44,3/20/2025
20,25,195,3/20/2025
17,98,42,3/20/2025
19,81,95,3/21/2025
10,70,91,3/21/2025
6,66,188,3/22/2025
15,96,194,3/22/2025
16,49,59,3/22/2025
16,25,22,3/23/2025
9,49,112,3/23/2025
12,69,28,3/24/2025
11,50,48,3/24/2025
3,31,64,3/24/2025
15,65,132,3/25/2025
18,9,181,3/25/2025
18,18,71,3/25/2025
14,100,118,3/25/2025
11,79,96,3/26/2025
5,15,157,3/26/2025
17,97,69,3/26/2025
4,91,55,3/27/2025
17,77,152,3/27/2025
4,6,64,3/27/2025
20,89,112,3/27/2025
5,40,128,3/27/2025
5,85,154,3/28/2025
8,9,191,3/28/2025
16,70,154,3/29/2025
15,92,85,3/29/2025
7,72,34,3/29/2025
5,15,38,3/29/2025
2,75,101,3/29/2025
4,57,31,3/29/2025
14,53,157,3/30/2025
19,31,108,3/31/2025
7,51,124,4/1/2025
6,28,76,4/1/2025
18,5,122,4/2/2025
10,2,181,4/2/2025
13,79,200,4/2/2025
8,41,148,4/3/2025
11,97,84,4/4/2025
18,49,167,4/4/2025
18,75,37,4/4/2025
19,81,194,4/5/2025
20,92,87,4/8/2025
2,14,54,4/8/2025
16,64,30,4/8/2025
17,42,30,4/9/2025
4,70,40,4/9/2025
19,88,81,4/10/2025
12,71,39,4/10/2025
13,30,146,4/10/2025
12,42,27,4/12/2025
12,12,159,4/12/2025
19,96,80,4/12/2025
11,59,127,4/13/2025
4,8,29,4/14/2025
6,80,176,4/14/2025
8,50,173,4/14/2025
19,68,184,4/15/2025
14,59,199,4/15/2025
20,93,159,4/15/2025
14,81,21,4/17/2025
12,54,57,4/17/2025
20,82,40,4/17/2025
11,37,94,4/17/2025
16,42,110,4/19/2025
19,21,6,4/19/2025
9,90,57,4/19/2025
17,19,28,4/20/2025
8,5,21,4/20/2025
13,32,23,4/20/2025
19,59,118,4/20/2025
5,75,199,4/21/2025
13,56,78,4/21/2025
9,73,149,4/21/2025
18,92,163,4/22/2025
5,14,17,4/22/2025
4,26,185,4/22/2025
3,5,175,4/22/2025
4,27,80,4/22/2025
17,69,48,4/22/2025
20,69,200,4/23/2025
19,53,49,4/23/2025
7,40,149,4/24/2025
19,35,169,4/24/2025
18,74,176,4/24/2025
13,23,168,4/25/2025
4,55,72,4/25/2025
8,46,109,4/25/2025
10,13,107,4/25/2025
3,87,0,4/25/2025
5,43,59,4/26/2025
14,72,141,4/27/2025
7,90,9,4/27/2025
6,29,151,4/28/2025
16,93,106,4/28/2025
20,32,105,4/28/2025
6,90,107,4/29/2025
20,33,163,4/29/2025
11,63,107,4/29/2025
1,67,33,4/30/2025
6,78,59,4/30/2025
7,22,184,4/30/2025
12,35,73,5/1/2025
17,24,8,5/1/2025
3,74,25,5/1/2025
10,2,48,5/1/2025
6,2,9,5/1/2025
20,39,166,5/2/2025
1,50,84,5/2/2025
11,67,11,5/3/2025
7,84,84,5/3/2025
14,95,63,5/5/2025
20,17,107,5/5/2025
1,69,9,5/6/2025
12,1,145,5/6/2025
9,76,198,5/6/2025
6,88,32,5/6/2025
9,93,78,5/6/2025
6,15,8,5/6/2025
7,29,80,5/7/2025
8,89,88,5/7/2025
17,4,36,5/7/2025
1,97,29,5/8/2025
9,91,55,5/9/2025
16,45,55,5/9/2025
17,9,166,5/9/2025
12,13,53,5/9/2025
11,26,2,5/9/2025
11,88,180,5/10/2025
7,96,165,5/10/2025
5,44,177,5/10/2025
20,13,3,5/11/2025
18,96,124,5/11/2025
3,43,170,5/11/2025
14,13,176,5/12/2025
15,44,41,5/14/2025
3,26,31,5/14/2025
12,59,57,5/14/2025
1,68,146,5/15/2025
17,37,171,5/15/2025
3,16,109,5/15/2025
2,81,83,5/16/2025
14,82,199,5/17/2025
2,12,146,5/17/2025
11,94,197,5/17/2025
3,78,28,5/18/2025
16,37,164,5/18/2025
19,65,168,5/18/2025
19,64,155,5/18/2025
7,74,197,5/18/2025
14,75,193,5/19/2025
7,44,142,5/19/2025
3,50,184,5/19/2025
1,66,156,5/20/2025
20,84,35,5/20/2025
3,92,160,5/21/2025
18,2,152,5/21/2025
15,1,102,5/22/2025
12,19,123,5/22/2025
4,9,177,5/23/2025
7,44,30,5/23/2025
3,44,100,5/23/2025
6,10,30,5/23/2025
19,2,19,5/24/2025
11,99,173,5/24/2025
4,4,192,5/25/2025
3,38,64,5/25/2025
12,42,89,5/25/2025
13,39,146,5/26/2025
3,3,131,5/26/2025
3,59,153,5/26/2025
20,82,179,5/27/2025
1,32,98,5/27/2025
5,51,9,5/27/2025
17,89,157,5/29/2025
14,5,119,5/30/2025
12,23,36,5/30/2025
11,66,132,5/30/2025
